"Variable / Field Name","Form Name","Section Header","Field Type","Field Label","Choices, Calculations, OR Slider Labels","Field Note","Text Validation Type OR Show Slider Number","Text Validation Min","Text Validation Max",Identifier?,"Branching Logic (Show field only if...)","Required Field?","Custom Alignment","Question Number (surveys only)","Matrix Group Name"
record_id,test_sessions,,text,"Permanent Record Identifier",,,,,,,,,,,
test_sessions_datasetid,test_sessions,,text,"Unique Number for that CNB",,,integer,,,,,,,,
test_sessions_subid,test_sessions,"Change these fields to correct assignment of test to subject and session",text,"Subject ID battery was administered to",,,,,,,,,,,
test_sessions_dotest,test_sessions,,text,"Date of CNB",,,date_ymd,,,,,,,,
test_sessions_siteid,test_sessions,"Test Session Details",text,"Site ID battery was administered to",,,,,,,,,,,
test_sessions_famid,test_sessions,,text,"Family ID battery was administered to",,,,,,,,,,,
test_sessions_bblid,test_sessions,,text,"BBLID battery was administered to",,,,,,,,,,,
test_sessions_battery,test_sessions,,text,"Battery Name",,,,,,,,,,,
test_sessions_age,test_sessions,,text,"Age of participant",,,,,,,,,,,
test_sessions_gender,test_sessions,,text,"Gender of participant",,,,,,,,,,,
test_sessions_dob,test_sessions,,text,"Date of Birth of participant",,,date_ymd,,,,,,,,
test_sessions_handedness,test_sessions,,text,"Handedness of participant",,,,,,,,,,,
test_sessions_education,test_sessions,,text,"Highest Level of Education of participant",,,,,,,,,,,
test_sessions_feducation,test_sessions,,text,"Highest Level of Education of participant's father",,,,,,,,,,,
test_sessions_meducation,test_sessions,,text,"Highest Level of Education of participant's mother",,,,,,,,,,,
test_sessions_admin_comments,test_sessions,,notes,"Administrator Comments",,,,,,,,,,,
test_sessions_valid_code,test_sessions,,text,"Validation Code Assigned",,,,,,,,,,,
mpract,motor_praxis_test,,text,"Current Programming Version of the Scoring Code",,,,,,,,,,,
mpract_status,motor_praxis_test,,text,"Status Code Assigned to Mouse Praxis",,,,,,,,,,,
mpract_valid_code,motor_praxis_test,,text,"Valid Code Assigned to Mouse Praxis",,,,,,,,,,,
mpract_starttime,motor_praxis_test,,text,"Start Time",,"Local time-of-day when test was started",,,,,,,,,
mpract_mp1rt,motor_praxis_test,,text,"Median Response Time for Mouse Praxis Trial 1 (ms)",,,,,,,,,,,
mpract_mp2,motor_praxis_test,,text,"Mouse Praxis Correct Responses Trial 2",,,,,,,,,,,
mpract_mp2rtcr,motor_praxis_test,,text,"Median Response Time for Mouse Praxis Trial 2 Correct Responses (ms)",,,,,,,,,,,
cpf,penn_facial_memory_test,,text,"Current Programming Version of the Scoring Code",,,,,,,,,,,
cpf_status,penn_facial_memory_test,,text,"Status Code Assigned to CPF",,,,,,,,,,,
cpf_valid_code,penn_facial_memory_test,,text,"Valid Code Assigned to CPF",,,,,,,,,,,
cpf_cpftp,penn_facial_memory_test,,text,"CPF True Positives",,,,,,,,,,,
cpf_cpftn,penn_facial_memory_test,,text,"CPF True Negatives",,,,,,,,,,,
cpf_cpffp,penn_facial_memory_test,,text,"CPF False Positives",,,,,,,,,,,
cpf_cpffn,penn_facial_memory_test,,text,"CPF False Negatives",,,,,,,,,,,
cpf_cpftprt,penn_facial_memory_test,,text,"CPF True Positives Median Response Time (ms)",,,,,,,,,,,
cpf_cpftnrt,penn_facial_memory_test,,text,"CPF True Negatives Median Response Time (ms)",,,,,,,,,,,
cpf_cpffprt,penn_facial_memory_test,,text,"CPF False Positives Median Response Time (ms)",,,,,,,,,,,
cpf_cpffnrt,penn_facial_memory_test,,text,"CPF False Negatives Median Response Time (ms)",,,,,,,,,,,
cpf_ifac_tot,penn_facial_memory_test,,text,"CPF Total Correct Responses",,,,,,,,,,,
cpf_ifac_rtc,penn_facial_memory_test,,text,"CPF Median Total Correct Response Time (ms)",,,,,,,,,,,
cpf_q1_resp,penn_facial_memory_test,,text,"Response for trial 1",,,,,,,,,,,
cpf_q1_ttr,penn_facial_memory_test,,text,"Time to respond (ms) for trial 1",,,,,,,,,,,
cpf_q1_corr,penn_facial_memory_test,,text,"Response correct for trial 1",,,,,,,,,,,
cpf_q2_resp,penn_facial_memory_test,,text,"Response for trial 2",,,,,,,,,,,
cpf_q2_ttr,penn_facial_memory_test,,text,"Time to respond (ms) for trial 2",,,,,,,,,,,
cpf_q2_corr,penn_facial_memory_test,,text,"Response correct for trial 2",,,,,,,,,,,
cpf_q3_resp,penn_facial_memory_test,,text,"Response for trial 3",,,,,,,,,,,
cpf_q3_ttr,penn_facial_memory_test,,text,"Time to respond (ms) for trial 3",,,,,,,,,,,
cpf_q3_corr,penn_facial_memory_test,,text,"Response correct for trial 3",,,,,,,,,,,
cpf_q4_resp,penn_facial_memory_test,,text,"Response for trial 4",,,,,,,,,,,
cpf_q4_ttr,penn_facial_memory_test,,text,"Time to respond (ms) for trial 4",,,,,,,,,,,
cpf_q4_corr,penn_facial_memory_test,,text,"Response correct for trial 4",,,,,,,,,,,
cpf_q5_resp,penn_facial_memory_test,,text,"Response for trial 5",,,,,,,,,,,
cpf_q5_ttr,penn_facial_memory_test,,text,"Time to respond (ms) for trial 5",,,,,,,,,,,
cpf_q5_corr,penn_facial_memory_test,,text,"Response correct for trial 5",,,,,,,,,,,
cpf_q6_resp,penn_facial_memory_test,,text,"Response for trial 6",,,,,,,,,,,
cpf_q6_ttr,penn_facial_memory_test,,text,"Time to respond (ms) for trial 6",,,,,,,,,,,
cpf_q6_corr,penn_facial_memory_test,,text,"Response correct for trial 6",,,,,,,,,,,
cpf_q7_resp,penn_facial_memory_test,,text,"Response for trial 7",,,,,,,,,,,
cpf_q7_ttr,penn_facial_memory_test,,text,"Time to respond (ms) for trial 7",,,,,,,,,,,
cpf_q7_corr,penn_facial_memory_test,,text,"Response correct for trial 7",,,,,,,,,,,
cpf_q8_resp,penn_facial_memory_test,,text,"Response for trial 8",,,,,,,,,,,
cpf_q8_ttr,penn_facial_memory_test,,text,"Time to respond (ms) for trial 8",,,,,,,,,,,
cpf_q8_corr,penn_facial_memory_test,,text,"Response correct for trial 8",,,,,,,,,,,
cpf_q9_resp,penn_facial_memory_test,,text,"Response for trial 9",,,,,,,,,,,
cpf_q9_ttr,penn_facial_memory_test,,text,"Time to respond (ms) for trial 9",,,,,,,,,,,
cpf_q9_corr,penn_facial_memory_test,,text,"Response correct for trial 9",,,,,,,,,,,
cpf_q10_resp,penn_facial_memory_test,,text,"Response for trial 10",,,,,,,,,,,
cpf_q10_ttr,penn_facial_memory_test,,text,"Time to respond (ms) for trial 10",,,,,,,,,,,
cpf_q10_corr,penn_facial_memory_test,,text,"Response correct for trial 10",,,,,,,,,,,
cpf_q11_resp,penn_facial_memory_test,,text,"Response for trial 11",,,,,,,,,,,
cpf_q11_ttr,penn_facial_memory_test,,text,"Time to respond (ms) for trial 11",,,,,,,,,,,
cpf_q11_corr,penn_facial_memory_test,,text,"Response correct for trial 11",,,,,,,,,,,
cpf_q12_resp,penn_facial_memory_test,,text,"Response for trial 12",,,,,,,,,,,
cpf_q12_ttr,penn_facial_memory_test,,text,"Time to respond (ms) for trial 12",,,,,,,,,,,
cpf_q12_corr,penn_facial_memory_test,,text,"Response correct for trial 12",,,,,,,,,,,
cpf_q13_resp,penn_facial_memory_test,,text,"Response for trial 13",,,,,,,,,,,
cpf_q13_ttr,penn_facial_memory_test,,text,"Time to respond (ms) for trial 13",,,,,,,,,,,
cpf_q13_corr,penn_facial_memory_test,,text,"Response correct for trial 13",,,,,,,,,,,
cpf_q14_resp,penn_facial_memory_test,,text,"Response for trial 14",,,,,,,,,,,
cpf_q14_ttr,penn_facial_memory_test,,text,"Time to respond (ms) for trial 14",,,,,,,,,,,
cpf_q14_corr,penn_facial_memory_test,,text,"Response correct for trial 14",,,,,,,,,,,
cpf_q15_resp,penn_facial_memory_test,,text,"Response for trial 15",,,,,,,,,,,
cpf_q15_ttr,penn_facial_memory_test,,text,"Time to respond (ms) for trial 15",,,,,,,,,,,
cpf_q15_corr,penn_facial_memory_test,,text,"Response correct for trial 15",,,,,,,,,,,
cpf_q16_resp,penn_facial_memory_test,,text,"Response for trial 16",,,,,,,,,,,
cpf_q16_ttr,penn_facial_memory_test,,text,"Time to respond (ms) for trial 16",,,,,,,,,,,
cpf_q16_corr,penn_facial_memory_test,,text,"Response correct for trial 16",,,,,,,,,,,
cpf_q17_resp,penn_facial_memory_test,,text,"Response for trial 17",,,,,,,,,,,
cpf_q17_ttr,penn_facial_memory_test,,text,"Time to respond (ms) for trial 17",,,,,,,,,,,
cpf_q17_corr,penn_facial_memory_test,,text,"Response correct for trial 17",,,,,,,,,,,
cpf_q18_resp,penn_facial_memory_test,,text,"Response for trial 18",,,,,,,,,,,
cpf_q18_ttr,penn_facial_memory_test,,text,"Time to respond (ms) for trial 18",,,,,,,,,,,
cpf_q18_corr,penn_facial_memory_test,,text,"Response correct for trial 18",,,,,,,,,,,
cpf_q19_resp,penn_facial_memory_test,,text,"Response for trial 19",,,,,,,,,,,
cpf_q19_ttr,penn_facial_memory_test,,text,"Time to respond (ms) for trial 19",,,,,,,,,,,
cpf_q19_corr,penn_facial_memory_test,,text,"Response correct for trial 19",,,,,,,,,,,
cpf_q20_resp,penn_facial_memory_test,,text,"Response for trial 20",,,,,,,,,,,
cpf_q20_ttr,penn_facial_memory_test,,text,"Time to respond (ms) for trial 20",,,,,,,,,,,
cpf_q20_corr,penn_facial_memory_test,,text,"Response correct for trial 20",,,,,,,,,,,
cpf_q21_resp,penn_facial_memory_test,,text,"Response for trial 21",,,,,,,,,,,
cpf_q21_ttr,penn_facial_memory_test,,text,"Time to respond (ms) for trial 21",,,,,,,,,,,
cpf_q21_corr,penn_facial_memory_test,,text,"Response correct for trial 21",,,,,,,,,,,
cpf_q22_resp,penn_facial_memory_test,,text,"Response for trial 22",,,,,,,,,,,
cpf_q22_ttr,penn_facial_memory_test,,text,"Time to respond (ms) for trial 22",,,,,,,,,,,
cpf_q22_corr,penn_facial_memory_test,,text,"Response correct for trial 22",,,,,,,,,,,
cpf_q23_resp,penn_facial_memory_test,,text,"Response for trial 23",,,,,,,,,,,
cpf_q23_ttr,penn_facial_memory_test,,text,"Time to respond (ms) for trial 23",,,,,,,,,,,
cpf_q23_corr,penn_facial_memory_test,,text,"Response correct for trial 23",,,,,,,,,,,
cpf_q24_resp,penn_facial_memory_test,,text,"Response for trial 24",,,,,,,,,,,
cpf_q24_ttr,penn_facial_memory_test,,text,"Time to respond (ms) for trial 24",,,,,,,,,,,
cpf_q24_corr,penn_facial_memory_test,,text,"Response correct for trial 24",,,,,,,,,,,
cpf_q25_resp,penn_facial_memory_test,,text,"Response for trial 25",,,,,,,,,,,
cpf_q25_ttr,penn_facial_memory_test,,text,"Time to respond (ms) for trial 25",,,,,,,,,,,
cpf_q25_corr,penn_facial_memory_test,,text,"Response correct for trial 25",,,,,,,,,,,
cpf_q26_resp,penn_facial_memory_test,,text,"Response for trial 26",,,,,,,,,,,
cpf_q26_ttr,penn_facial_memory_test,,text,"Time to respond (ms) for trial 26",,,,,,,,,,,
cpf_q26_corr,penn_facial_memory_test,,text,"Response correct for trial 26",,,,,,,,,,,
cpf_q27_resp,penn_facial_memory_test,,text,"Response for trial 27",,,,,,,,,,,
cpf_q27_ttr,penn_facial_memory_test,,text,"Time to respond (ms) for trial 27",,,,,,,,,,,
cpf_q27_corr,penn_facial_memory_test,,text,"Response correct for trial 27",,,,,,,,,,,
cpf_q28_resp,penn_facial_memory_test,,text,"Response for trial 28",,,,,,,,,,,
cpf_q28_ttr,penn_facial_memory_test,,text,"Time to respond (ms) for trial 28",,,,,,,,,,,
cpf_q28_corr,penn_facial_memory_test,,text,"Response correct for trial 28",,,,,,,,,,,
cpf_q29_resp,penn_facial_memory_test,,text,"Response for trial 29",,,,,,,,,,,
cpf_q29_ttr,penn_facial_memory_test,,text,"Time to respond (ms) for trial 29",,,,,,,,,,,
cpf_q29_corr,penn_facial_memory_test,,text,"Response correct for trial 29",,,,,,,,,,,
cpf_q30_resp,penn_facial_memory_test,,text,"Response for trial 30",,,,,,,,,,,
cpf_q30_ttr,penn_facial_memory_test,,text,"Time to respond (ms) for trial 30",,,,,,,,,,,
cpf_q30_corr,penn_facial_memory_test,,text,"Response correct for trial 30",,,,,,,,,,,
cpf_q31_resp,penn_facial_memory_test,,text,"Response for trial 31",,,,,,,,,,,
cpf_q31_ttr,penn_facial_memory_test,,text,"Time to respond (ms) for trial 31",,,,,,,,,,,
cpf_q31_corr,penn_facial_memory_test,,text,"Response correct for trial 31",,,,,,,,,,,
cpf_q32_resp,penn_facial_memory_test,,text,"Response for trial 32",,,,,,,,,,,
cpf_q32_ttr,penn_facial_memory_test,,text,"Time to respond (ms) for trial 32",,,,,,,,,,,
cpf_q32_corr,penn_facial_memory_test,,text,"Response correct for trial 32",,,,,,,,,,,
cpf_q33_resp,penn_facial_memory_test,,text,"Response for trial 33",,,,,,,,,,,
cpf_q33_ttr,penn_facial_memory_test,,text,"Time to respond (ms) for trial 33",,,,,,,,,,,
cpf_q33_corr,penn_facial_memory_test,,text,"Response correct for trial 33",,,,,,,,,,,
cpf_q34_resp,penn_facial_memory_test,,text,"Response for trial 34",,,,,,,,,,,
cpf_q34_ttr,penn_facial_memory_test,,text,"Time to respond (ms) for trial 34",,,,,,,,,,,
cpf_q34_corr,penn_facial_memory_test,,text,"Response correct for trial 34",,,,,,,,,,,
cpf_q35_resp,penn_facial_memory_test,,text,"Response for trial 35",,,,,,,,,,,
cpf_q35_ttr,penn_facial_memory_test,,text,"Time to respond (ms) for trial 35",,,,,,,,,,,
cpf_q35_corr,penn_facial_memory_test,,text,"Response correct for trial 35",,,,,,,,,,,
cpf_q36_resp,penn_facial_memory_test,,text,"Response for trial 36",,,,,,,,,,,
cpf_q36_ttr,penn_facial_memory_test,,text,"Time to respond (ms) for trial 36",,,,,,,,,,,
cpf_q36_corr,penn_facial_memory_test,,text,"Response correct for trial 36",,,,,,,,,,,
cpf_q37_resp,penn_facial_memory_test,,text,"Response for trial 37",,,,,,,,,,,
cpf_q37_ttr,penn_facial_memory_test,,text,"Time to respond (ms) for trial 37",,,,,,,,,,,
cpf_q37_corr,penn_facial_memory_test,,text,"Response correct for trial 37",,,,,,,,,,,
cpf_q38_resp,penn_facial_memory_test,,text,"Response for trial 38",,,,,,,,,,,
cpf_q38_ttr,penn_facial_memory_test,,text,"Time to respond (ms) for trial 38",,,,,,,,,,,
cpf_q38_corr,penn_facial_memory_test,,text,"Response correct for trial 38",,,,,,,,,,,
cpf_q39_resp,penn_facial_memory_test,,text,"Response for trial 39",,,,,,,,,,,
cpf_q39_ttr,penn_facial_memory_test,,text,"Time to respond (ms) for trial 39",,,,,,,,,,,
cpf_q39_corr,penn_facial_memory_test,,text,"Response correct for trial 39",,,,,,,,,,,
cpf_q40_resp,penn_facial_memory_test,,text,"Response for trial 40",,,,,,,,,,,
cpf_q40_ttr,penn_facial_memory_test,,text,"Time to respond (ms) for trial 40",,,,,,,,,,,
cpf_q40_corr,penn_facial_memory_test,,text,"Response correct for trial 40",,,,,,,,,,,
cpfd,penn_facial_memory_test_delayed_version,,text,"Current Programming Version of the Scoring Code",,,,,,,,,,,
cpfd_status,penn_facial_memory_test_delayed_version,,text,"Status Code Assigned to CPFD",,,,,,,,,,,
cpfd_valid_code,penn_facial_memory_test_delayed_version,,text,"Valid Code Assigned to CPFD",,,,,,,,,,,
cpfd_cpfdtp,penn_facial_memory_test_delayed_version,,text,"CPFD True Positives",,,,,,,,,,,
cpfd_cpfdtn,penn_facial_memory_test_delayed_version,,text,"CPFD True Negatives",,,,,,,,,,,
cpfd_cpfdfp,penn_facial_memory_test_delayed_version,,text,"CPFD False Positives",,,,,,,,,,,
cpfd_cpfdfn,penn_facial_memory_test_delayed_version,,text,"CPFD False Negatives",,,,,,,,,,,
cpfd_cpfdtprt,penn_facial_memory_test_delayed_version,,text,"CPFD True Positives Median Response Time (ms)",,,,,,,,,,,
cpfd_cpfdtnrt,penn_facial_memory_test_delayed_version,,text,"CPFD True Negatives Median Response Time (ms)",,,,,,,,,,,
cpfd_cpfdfprt,penn_facial_memory_test_delayed_version,,text,"CPFD False Positives Median Response Time (ms)",,,,,,,,,,,
cpfd_cpfdfnrt,penn_facial_memory_test_delayed_version,,text,"CPFD False Negatives Median Response Time (ms)",,,,,,,,,,,
cpfd_dfac_tot,penn_facial_memory_test_delayed_version,,text,"CPFD Total Correct Responses",,,,,,,,,,,
cpfd_dfac_rtc,penn_facial_memory_test_delayed_version,,text,"CPFD Median Total Correct Response Time (ms)",,,,,,,,,,,
cpfd_q1_resp,penn_facial_memory_test_delayed_version,,text,"Response for trial 1",,,,,,,,,,,
cpfd_q1_ttr,penn_facial_memory_test_delayed_version,,text,"Time to respond (ms) for trial 1",,,,,,,,,,,
cpfd_q1_corr,penn_facial_memory_test_delayed_version,,text,"Response correct for trial 1",,,,,,,,,,,
cpfd_q2_resp,penn_facial_memory_test_delayed_version,,text,"Response for trial 2",,,,,,,,,,,
cpfd_q2_ttr,penn_facial_memory_test_delayed_version,,text,"Time to respond (ms) for trial 2",,,,,,,,,,,
cpfd_q2_corr,penn_facial_memory_test_delayed_version,,text,"Response correct for trial 2",,,,,,,,,,,
cpfd_q3_resp,penn_facial_memory_test_delayed_version,,text,"Response for trial 3",,,,,,,,,,,
cpfd_q3_ttr,penn_facial_memory_test_delayed_version,,text,"Time to respond (ms) for trial 3",,,,,,,,,,,
cpfd_q3_corr,penn_facial_memory_test_delayed_version,,text,"Response correct for trial 3",,,,,,,,,,,
cpfd_q4_resp,penn_facial_memory_test_delayed_version,,text,"Response for trial 4",,,,,,,,,,,
cpfd_q4_ttr,penn_facial_memory_test_delayed_version,,text,"Time to respond (ms) for trial 4",,,,,,,,,,,
cpfd_q4_corr,penn_facial_memory_test_delayed_version,,text,"Response correct for trial 4",,,,,,,,,,,
cpfd_q5_resp,penn_facial_memory_test_delayed_version,,text,"Response for trial 5",,,,,,,,,,,
cpfd_q5_ttr,penn_facial_memory_test_delayed_version,,text,"Time to respond (ms) for trial 5",,,,,,,,,,,
cpfd_q5_corr,penn_facial_memory_test_delayed_version,,text,"Response correct for trial 5",,,,,,,,,,,
cpfd_q6_resp,penn_facial_memory_test_delayed_version,,text,"Response for trial 6",,,,,,,,,,,
cpfd_q6_ttr,penn_facial_memory_test_delayed_version,,text,"Time to respond (ms) for trial 6",,,,,,,,,,,
cpfd_q6_corr,penn_facial_memory_test_delayed_version,,text,"Response correct for trial 6",,,,,,,,,,,
cpfd_q7_resp,penn_facial_memory_test_delayed_version,,text,"Response for trial 7",,,,,,,,,,,
cpfd_q7_ttr,penn_facial_memory_test_delayed_version,,text,"Time to respond (ms) for trial 7",,,,,,,,,,,
cpfd_q7_corr,penn_facial_memory_test_delayed_version,,text,"Response correct for trial 7",,,,,,,,,,,
cpfd_q8_resp,penn_facial_memory_test_delayed_version,,text,"Response for trial 8",,,,,,,,,,,
cpfd_q8_ttr,penn_facial_memory_test_delayed_version,,text,"Time to respond (ms) for trial 8",,,,,,,,,,,
cpfd_q8_corr,penn_facial_memory_test_delayed_version,,text,"Response correct for trial 8",,,,,,,,,,,
cpfd_q9_resp,penn_facial_memory_test_delayed_version,,text,"Response for trial 9",,,,,,,,,,,
cpfd_q9_ttr,penn_facial_memory_test_delayed_version,,text,"Time to respond (ms) for trial 9",,,,,,,,,,,
cpfd_q9_corr,penn_facial_memory_test_delayed_version,,text,"Response correct for trial 9",,,,,,,,,,,
cpfd_q10_resp,penn_facial_memory_test_delayed_version,,text,"Response for trial 10",,,,,,,,,,,
cpfd_q10_ttr,penn_facial_memory_test_delayed_version,,text,"Time to respond (ms) for trial 10",,,,,,,,,,,
cpfd_q10_corr,penn_facial_memory_test_delayed_version,,text,"Response correct for trial 10",,,,,,,,,,,
cpfd_q11_resp,penn_facial_memory_test_delayed_version,,text,"Response for trial 11",,,,,,,,,,,
cpfd_q11_ttr,penn_facial_memory_test_delayed_version,,text,"Time to respond (ms) for trial 11",,,,,,,,,,,
cpfd_q11_corr,penn_facial_memory_test_delayed_version,,text,"Response correct for trial 11",,,,,,,,,,,
cpfd_q12_resp,penn_facial_memory_test_delayed_version,,text,"Response for trial 12",,,,,,,,,,,
cpfd_q12_ttr,penn_facial_memory_test_delayed_version,,text,"Time to respond (ms) for trial 12",,,,,,,,,,,
cpfd_q12_corr,penn_facial_memory_test_delayed_version,,text,"Response correct for trial 12",,,,,,,,,,,
cpfd_q13_resp,penn_facial_memory_test_delayed_version,,text,"Response for trial 13",,,,,,,,,,,
cpfd_q13_ttr,penn_facial_memory_test_delayed_version,,text,"Time to respond (ms) for trial 13",,,,,,,,,,,
cpfd_q13_corr,penn_facial_memory_test_delayed_version,,text,"Response correct for trial 13",,,,,,,,,,,
cpfd_q14_resp,penn_facial_memory_test_delayed_version,,text,"Response for trial 14",,,,,,,,,,,
cpfd_q14_ttr,penn_facial_memory_test_delayed_version,,text,"Time to respond (ms) for trial 14",,,,,,,,,,,
cpfd_q14_corr,penn_facial_memory_test_delayed_version,,text,"Response correct for trial 14",,,,,,,,,,,
cpfd_q15_resp,penn_facial_memory_test_delayed_version,,text,"Response for trial 15",,,,,,,,,,,
cpfd_q15_ttr,penn_facial_memory_test_delayed_version,,text,"Time to respond (ms) for trial 15",,,,,,,,,,,
cpfd_q15_corr,penn_facial_memory_test_delayed_version,,text,"Response correct for trial 15",,,,,,,,,,,
cpfd_q16_resp,penn_facial_memory_test_delayed_version,,text,"Response for trial 16",,,,,,,,,,,
cpfd_q16_ttr,penn_facial_memory_test_delayed_version,,text,"Time to respond (ms) for trial 16",,,,,,,,,,,
cpfd_q16_corr,penn_facial_memory_test_delayed_version,,text,"Response correct for trial 16",,,,,,,,,,,
cpfd_q17_resp,penn_facial_memory_test_delayed_version,,text,"Response for trial 17",,,,,,,,,,,
cpfd_q17_ttr,penn_facial_memory_test_delayed_version,,text,"Time to respond (ms) for trial 17",,,,,,,,,,,
cpfd_q17_corr,penn_facial_memory_test_delayed_version,,text,"Response correct for trial 17",,,,,,,,,,,
cpfd_q18_resp,penn_facial_memory_test_delayed_version,,text,"Response for trial 18",,,,,,,,,,,
cpfd_q18_ttr,penn_facial_memory_test_delayed_version,,text,"Time to respond (ms) for trial 18",,,,,,,,,,,
cpfd_q18_corr,penn_facial_memory_test_delayed_version,,text,"Response correct for trial 18",,,,,,,,,,,
cpfd_q19_resp,penn_facial_memory_test_delayed_version,,text,"Response for trial 19",,,,,,,,,,,
cpfd_q19_ttr,penn_facial_memory_test_delayed_version,,text,"Time to respond (ms) for trial 19",,,,,,,,,,,
cpfd_q19_corr,penn_facial_memory_test_delayed_version,,text,"Response correct for trial 19",,,,,,,,,,,
cpfd_q20_resp,penn_facial_memory_test_delayed_version,,text,"Response for trial 20",,,,,,,,,,,
cpfd_q20_ttr,penn_facial_memory_test_delayed_version,,text,"Time to respond (ms) for trial 20",,,,,,,,,,,
cpfd_q20_corr,penn_facial_memory_test_delayed_version,,text,"Response correct for trial 20",,,,,,,,,,,
cpfd_q21_resp,penn_facial_memory_test_delayed_version,,text,"Response for trial 21",,,,,,,,,,,
cpfd_q21_ttr,penn_facial_memory_test_delayed_version,,text,"Time to respond (ms) for trial 21",,,,,,,,,,,
cpfd_q21_corr,penn_facial_memory_test_delayed_version,,text,"Response correct for trial 21",,,,,,,,,,,
cpfd_q22_resp,penn_facial_memory_test_delayed_version,,text,"Response for trial 22",,,,,,,,,,,
cpfd_q22_ttr,penn_facial_memory_test_delayed_version,,text,"Time to respond (ms) for trial 22",,,,,,,,,,,
cpfd_q22_corr,penn_facial_memory_test_delayed_version,,text,"Response correct for trial 22",,,,,,,,,,,
cpfd_q23_resp,penn_facial_memory_test_delayed_version,,text,"Response for trial 23",,,,,,,,,,,
cpfd_q23_ttr,penn_facial_memory_test_delayed_version,,text,"Time to respond (ms) for trial 23",,,,,,,,,,,
cpfd_q23_corr,penn_facial_memory_test_delayed_version,,text,"Response correct for trial 23",,,,,,,,,,,
cpfd_q24_resp,penn_facial_memory_test_delayed_version,,text,"Response for trial 24",,,,,,,,,,,
cpfd_q24_ttr,penn_facial_memory_test_delayed_version,,text,"Time to respond (ms) for trial 24",,,,,,,,,,,
cpfd_q24_corr,penn_facial_memory_test_delayed_version,,text,"Response correct for trial 24",,,,,,,,,,,
cpfd_q25_resp,penn_facial_memory_test_delayed_version,,text,"Response for trial 25",,,,,,,,,,,
cpfd_q25_ttr,penn_facial_memory_test_delayed_version,,text,"Time to respond (ms) for trial 25",,,,,,,,,,,
cpfd_q25_corr,penn_facial_memory_test_delayed_version,,text,"Response correct for trial 25",,,,,,,,,,,
cpfd_q26_resp,penn_facial_memory_test_delayed_version,,text,"Response for trial 26",,,,,,,,,,,
cpfd_q26_ttr,penn_facial_memory_test_delayed_version,,text,"Time to respond (ms) for trial 26",,,,,,,,,,,
cpfd_q26_corr,penn_facial_memory_test_delayed_version,,text,"Response correct for trial 26",,,,,,,,,,,
cpfd_q27_resp,penn_facial_memory_test_delayed_version,,text,"Response for trial 27",,,,,,,,,,,
cpfd_q27_ttr,penn_facial_memory_test_delayed_version,,text,"Time to respond (ms) for trial 27",,,,,,,,,,,
cpfd_q27_corr,penn_facial_memory_test_delayed_version,,text,"Response correct for trial 27",,,,,,,,,,,
cpfd_q28_resp,penn_facial_memory_test_delayed_version,,text,"Response for trial 28",,,,,,,,,,,
cpfd_q28_ttr,penn_facial_memory_test_delayed_version,,text,"Time to respond (ms) for trial 28",,,,,,,,,,,
cpfd_q28_corr,penn_facial_memory_test_delayed_version,,text,"Response correct for trial 28",,,,,,,,,,,
cpfd_q29_resp,penn_facial_memory_test_delayed_version,,text,"Response for trial 29",,,,,,,,,,,
cpfd_q29_ttr,penn_facial_memory_test_delayed_version,,text,"Time to respond (ms) for trial 29",,,,,,,,,,,
cpfd_q29_corr,penn_facial_memory_test_delayed_version,,text,"Response correct for trial 29",,,,,,,,,,,
cpfd_q30_resp,penn_facial_memory_test_delayed_version,,text,"Response for trial 30",,,,,,,,,,,
cpfd_q30_ttr,penn_facial_memory_test_delayed_version,,text,"Time to respond (ms) for trial 30",,,,,,,,,,,
cpfd_q30_corr,penn_facial_memory_test_delayed_version,,text,"Response correct for trial 30",,,,,,,,,,,
cpfd_q31_resp,penn_facial_memory_test_delayed_version,,text,"Response for trial 31",,,,,,,,,,,
cpfd_q31_ttr,penn_facial_memory_test_delayed_version,,text,"Time to respond (ms) for trial 31",,,,,,,,,,,
cpfd_q31_corr,penn_facial_memory_test_delayed_version,,text,"Response correct for trial 31",,,,,,,,,,,
cpfd_q32_resp,penn_facial_memory_test_delayed_version,,text,"Response for trial 32",,,,,,,,,,,
cpfd_q32_ttr,penn_facial_memory_test_delayed_version,,text,"Time to respond (ms) for trial 32",,,,,,,,,,,
cpfd_q32_corr,penn_facial_memory_test_delayed_version,,text,"Response correct for trial 32",,,,,,,,,,,
cpfd_q33_resp,penn_facial_memory_test_delayed_version,,text,"Response for trial 33",,,,,,,,,,,
cpfd_q33_ttr,penn_facial_memory_test_delayed_version,,text,"Time to respond (ms) for trial 33",,,,,,,,,,,
cpfd_q33_corr,penn_facial_memory_test_delayed_version,,text,"Response correct for trial 33",,,,,,,,,,,
cpfd_q34_resp,penn_facial_memory_test_delayed_version,,text,"Response for trial 34",,,,,,,,,,,
cpfd_q34_ttr,penn_facial_memory_test_delayed_version,,text,"Time to respond (ms) for trial 34",,,,,,,,,,,
cpfd_q34_corr,penn_facial_memory_test_delayed_version,,text,"Response correct for trial 34",,,,,,,,,,,
cpfd_q35_resp,penn_facial_memory_test_delayed_version,,text,"Response for trial 35",,,,,,,,,,,
cpfd_q35_ttr,penn_facial_memory_test_delayed_version,,text,"Time to respond (ms) for trial 35",,,,,,,,,,,
cpfd_q35_corr,penn_facial_memory_test_delayed_version,,text,"Response correct for trial 35",,,,,,,,,,,
cpfd_q36_resp,penn_facial_memory_test_delayed_version,,text,"Response for trial 36",,,,,,,,,,,
cpfd_q36_ttr,penn_facial_memory_test_delayed_version,,text,"Time to respond (ms) for trial 36",,,,,,,,,,,
cpfd_q36_corr,penn_facial_memory_test_delayed_version,,text,"Response correct for trial 36",,,,,,,,,,,
cpfd_q37_resp,penn_facial_memory_test_delayed_version,,text,"Response for trial 37",,,,,,,,,,,
cpfd_q37_ttr,penn_facial_memory_test_delayed_version,,text,"Time to respond (ms) for trial 37",,,,,,,,,,,
cpfd_q37_corr,penn_facial_memory_test_delayed_version,,text,"Response correct for trial 37",,,,,,,,,,,
cpfd_q38_resp,penn_facial_memory_test_delayed_version,,text,"Response for trial 38",,,,,,,,,,,
cpfd_q38_ttr,penn_facial_memory_test_delayed_version,,text,"Time to respond (ms) for trial 38",,,,,,,,,,,
cpfd_q38_corr,penn_facial_memory_test_delayed_version,,text,"Response correct for trial 38",,,,,,,,,,,
cpfd_q39_resp,penn_facial_memory_test_delayed_version,,text,"Response for trial 39",,,,,,,,,,,
cpfd_q39_ttr,penn_facial_memory_test_delayed_version,,text,"Time to respond (ms) for trial 39",,,,,,,,,,,
cpfd_q39_corr,penn_facial_memory_test_delayed_version,,text,"Response correct for trial 39",,,,,,,,,,,
cpfd_q40_resp,penn_facial_memory_test_delayed_version,,text,"Response for trial 40",,,,,,,,,,,
cpfd_q40_ttr,penn_facial_memory_test_delayed_version,,text,"Time to respond (ms) for trial 40",,,,,,,,,,,
cpfd_q40_corr,penn_facial_memory_test_delayed_version,,text,"Response correct for trial 40",,,,,,,,,,,
cpw,penn_word_memory_test,,text,"Current Programming Version of the Scoring Code",,,,,,,,,,,
cpw_status,penn_word_memory_test,,text,"Status Code Assigned to CPW",,,,,,,,,,,
cpw_valid_code,penn_word_memory_test,,text,"Valid Code Assigned to CPW",,,,,,,,,,,
cpw_cpwtp,penn_word_memory_test,,text,"CPW True Positive Responses",,,,,,,,,,,
cpw_cpwtn,penn_word_memory_test,,text,"CPW True Negative Responses",,,,,,,,,,,
cpw_cpwfp,penn_word_memory_test,,text,"CPW False Positive Responses",,,,,,,,,,,
cpw_cpwfn,penn_word_memory_test,,text,"CPW False Negative Responses",,,,,,,,,,,
cpw_cpwtprt,penn_word_memory_test,,text,"Median Response Time for CPW True Positive Responses (ms)",,,,,,,,,,,
cpw_cpwtnrt,penn_word_memory_test,,text,"Median Response Time for CPW True Negative Responses (ms)",,,,,,,,,,,
cpw_cpwfprt,penn_word_memory_test,,text,"Median Response Time for CPW False Positive Responses (ms)",,,,,,,,,,,
cpw_cpwfnrt,penn_word_memory_test,,text,"Median Response Time for CPW False Negative Responses (ms)",,,,,,,,,,,
cpw_iwrd_tot,penn_word_memory_test,,text,"CPW Total Correct Responses",,,,,,,,,,,
cpw_iwrd_rtc,penn_word_memory_test,,text,"Median Response Time for CPW Total Correct Responses (ms)",,,,,,,,,,,
cpw_q1_resp,penn_word_memory_test,,text,"Response for trial 1",,,,,,,,,,,
cpw_q1_ttr,penn_word_memory_test,,text,"Time to respond (ms) for trial 1",,,,,,,,,,,
cpw_q1_corr,penn_word_memory_test,,text,"Response correct for trial 1",,,,,,,,,,,
cpw_q2_resp,penn_word_memory_test,,text,"Response for trial 2",,,,,,,,,,,
cpw_q2_ttr,penn_word_memory_test,,text,"Time to respond (ms) for trial 2",,,,,,,,,,,
cpw_q2_corr,penn_word_memory_test,,text,"Response correct for trial 2",,,,,,,,,,,
cpw_q3_resp,penn_word_memory_test,,text,"Response for trial 3",,,,,,,,,,,
cpw_q3_ttr,penn_word_memory_test,,text,"Time to respond (ms) for trial 3",,,,,,,,,,,
cpw_q3_corr,penn_word_memory_test,,text,"Response correct for trial 3",,,,,,,,,,,
cpw_q4_resp,penn_word_memory_test,,text,"Response for trial 4",,,,,,,,,,,
cpw_q4_ttr,penn_word_memory_test,,text,"Time to respond (ms) for trial 4",,,,,,,,,,,
cpw_q4_corr,penn_word_memory_test,,text,"Response correct for trial 4",,,,,,,,,,,
cpw_q5_resp,penn_word_memory_test,,text,"Response for trial 5",,,,,,,,,,,
cpw_q5_ttr,penn_word_memory_test,,text,"Time to respond (ms) for trial 5",,,,,,,,,,,
cpw_q5_corr,penn_word_memory_test,,text,"Response correct for trial 5",,,,,,,,,,,
cpw_q6_resp,penn_word_memory_test,,text,"Response for trial 6",,,,,,,,,,,
cpw_q6_ttr,penn_word_memory_test,,text,"Time to respond (ms) for trial 6",,,,,,,,,,,
cpw_q6_corr,penn_word_memory_test,,text,"Response correct for trial 6",,,,,,,,,,,
cpw_q7_resp,penn_word_memory_test,,text,"Response for trial 7",,,,,,,,,,,
cpw_q7_ttr,penn_word_memory_test,,text,"Time to respond (ms) for trial 7",,,,,,,,,,,
cpw_q7_corr,penn_word_memory_test,,text,"Response correct for trial 7",,,,,,,,,,,
cpw_q8_resp,penn_word_memory_test,,text,"Response for trial 8",,,,,,,,,,,
cpw_q8_ttr,penn_word_memory_test,,text,"Time to respond (ms) for trial 8",,,,,,,,,,,
cpw_q8_corr,penn_word_memory_test,,text,"Response correct for trial 8",,,,,,,,,,,
cpw_q9_resp,penn_word_memory_test,,text,"Response for trial 9",,,,,,,,,,,
cpw_q9_ttr,penn_word_memory_test,,text,"Time to respond (ms) for trial 9",,,,,,,,,,,
cpw_q9_corr,penn_word_memory_test,,text,"Response correct for trial 9",,,,,,,,,,,
cpw_q10_resp,penn_word_memory_test,,text,"Response for trial 10",,,,,,,,,,,
cpw_q10_ttr,penn_word_memory_test,,text,"Time to respond (ms) for trial 10",,,,,,,,,,,
cpw_q10_corr,penn_word_memory_test,,text,"Response correct for trial 10",,,,,,,,,,,
cpw_q11_resp,penn_word_memory_test,,text,"Response for trial 11",,,,,,,,,,,
cpw_q11_ttr,penn_word_memory_test,,text,"Time to respond (ms) for trial 11",,,,,,,,,,,
cpw_q11_corr,penn_word_memory_test,,text,"Response correct for trial 11",,,,,,,,,,,
cpw_q12_resp,penn_word_memory_test,,text,"Response for trial 12",,,,,,,,,,,
cpw_q12_ttr,penn_word_memory_test,,text,"Time to respond (ms) for trial 12",,,,,,,,,,,
cpw_q12_corr,penn_word_memory_test,,text,"Response correct for trial 12",,,,,,,,,,,
cpw_q13_resp,penn_word_memory_test,,text,"Response for trial 13",,,,,,,,,,,
cpw_q13_ttr,penn_word_memory_test,,text,"Time to respond (ms) for trial 13",,,,,,,,,,,
cpw_q13_corr,penn_word_memory_test,,text,"Response correct for trial 13",,,,,,,,,,,
cpw_q14_resp,penn_word_memory_test,,text,"Response for trial 14",,,,,,,,,,,
cpw_q14_ttr,penn_word_memory_test,,text,"Time to respond (ms) for trial 14",,,,,,,,,,,
cpw_q14_corr,penn_word_memory_test,,text,"Response correct for trial 14",,,,,,,,,,,
cpw_q15_resp,penn_word_memory_test,,text,"Response for trial 15",,,,,,,,,,,
cpw_q15_ttr,penn_word_memory_test,,text,"Time to respond (ms) for trial 15",,,,,,,,,,,
cpw_q15_corr,penn_word_memory_test,,text,"Response correct for trial 15",,,,,,,,,,,
cpw_q16_resp,penn_word_memory_test,,text,"Response for trial 16",,,,,,,,,,,
cpw_q16_ttr,penn_word_memory_test,,text,"Time to respond (ms) for trial 16",,,,,,,,,,,
cpw_q16_corr,penn_word_memory_test,,text,"Response correct for trial 16",,,,,,,,,,,
cpw_q17_resp,penn_word_memory_test,,text,"Response for trial 17",,,,,,,,,,,
cpw_q17_ttr,penn_word_memory_test,,text,"Time to respond (ms) for trial 17",,,,,,,,,,,
cpw_q17_corr,penn_word_memory_test,,text,"Response correct for trial 17",,,,,,,,,,,
cpw_q18_resp,penn_word_memory_test,,text,"Response for trial 18",,,,,,,,,,,
cpw_q18_ttr,penn_word_memory_test,,text,"Time to respond (ms) for trial 18",,,,,,,,,,,
cpw_q18_corr,penn_word_memory_test,,text,"Response correct for trial 18",,,,,,,,,,,
cpw_q19_resp,penn_word_memory_test,,text,"Response for trial 19",,,,,,,,,,,
cpw_q19_ttr,penn_word_memory_test,,text,"Time to respond (ms) for trial 19",,,,,,,,,,,
cpw_q19_corr,penn_word_memory_test,,text,"Response correct for trial 19",,,,,,,,,,,
cpw_q20_resp,penn_word_memory_test,,text,"Response for trial 20",,,,,,,,,,,
cpw_q20_ttr,penn_word_memory_test,,text,"Time to respond (ms) for trial 20",,,,,,,,,,,
cpw_q20_corr,penn_word_memory_test,,text,"Response correct for trial 20",,,,,,,,,,,
cpw_q21_resp,penn_word_memory_test,,text,"Response for trial 21",,,,,,,,,,,
cpw_q21_ttr,penn_word_memory_test,,text,"Time to respond (ms) for trial 21",,,,,,,,,,,
cpw_q21_corr,penn_word_memory_test,,text,"Response correct for trial 21",,,,,,,,,,,
cpw_q22_resp,penn_word_memory_test,,text,"Response for trial 22",,,,,,,,,,,
cpw_q22_ttr,penn_word_memory_test,,text,"Time to respond (ms) for trial 22",,,,,,,,,,,
cpw_q22_corr,penn_word_memory_test,,text,"Response correct for trial 22",,,,,,,,,,,
cpw_q23_resp,penn_word_memory_test,,text,"Response for trial 23",,,,,,,,,,,
cpw_q23_ttr,penn_word_memory_test,,text,"Time to respond (ms) for trial 23",,,,,,,,,,,
cpw_q23_corr,penn_word_memory_test,,text,"Response correct for trial 23",,,,,,,,,,,
cpw_q24_resp,penn_word_memory_test,,text,"Response for trial 24",,,,,,,,,,,
cpw_q24_ttr,penn_word_memory_test,,text,"Time to respond (ms) for trial 24",,,,,,,,,,,
cpw_q24_corr,penn_word_memory_test,,text,"Response correct for trial 24",,,,,,,,,,,
cpw_q25_resp,penn_word_memory_test,,text,"Response for trial 25",,,,,,,,,,,
cpw_q25_ttr,penn_word_memory_test,,text,"Time to respond (ms) for trial 25",,,,,,,,,,,
cpw_q25_corr,penn_word_memory_test,,text,"Response correct for trial 25",,,,,,,,,,,
cpw_q26_resp,penn_word_memory_test,,text,"Response for trial 26",,,,,,,,,,,
cpw_q26_ttr,penn_word_memory_test,,text,"Time to respond (ms) for trial 26",,,,,,,,,,,
cpw_q26_corr,penn_word_memory_test,,text,"Response correct for trial 26",,,,,,,,,,,
cpw_q27_resp,penn_word_memory_test,,text,"Response for trial 27",,,,,,,,,,,
cpw_q27_ttr,penn_word_memory_test,,text,"Time to respond (ms) for trial 27",,,,,,,,,,,
cpw_q27_corr,penn_word_memory_test,,text,"Response correct for trial 27",,,,,,,,,,,
cpw_q28_resp,penn_word_memory_test,,text,"Response for trial 28",,,,,,,,,,,
cpw_q28_ttr,penn_word_memory_test,,text,"Time to respond (ms) for trial 28",,,,,,,,,,,
cpw_q28_corr,penn_word_memory_test,,text,"Response correct for trial 28",,,,,,,,,,,
cpw_q29_resp,penn_word_memory_test,,text,"Response for trial 29",,,,,,,,,,,
cpw_q29_ttr,penn_word_memory_test,,text,"Time to respond (ms) for trial 29",,,,,,,,,,,
cpw_q29_corr,penn_word_memory_test,,text,"Response correct for trial 29",,,,,,,,,,,
cpw_q30_resp,penn_word_memory_test,,text,"Response for trial 30",,,,,,,,,,,
cpw_q30_ttr,penn_word_memory_test,,text,"Time to respond (ms) for trial 30",,,,,,,,,,,
cpw_q30_corr,penn_word_memory_test,,text,"Response correct for trial 30",,,,,,,,,,,
cpw_q31_resp,penn_word_memory_test,,text,"Response for trial 31",,,,,,,,,,,
cpw_q31_ttr,penn_word_memory_test,,text,"Time to respond (ms) for trial 31",,,,,,,,,,,
cpw_q31_corr,penn_word_memory_test,,text,"Response correct for trial 31",,,,,,,,,,,
cpw_q32_resp,penn_word_memory_test,,text,"Response for trial 32",,,,,,,,,,,
cpw_q32_ttr,penn_word_memory_test,,text,"Time to respond (ms) for trial 32",,,,,,,,,,,
cpw_q32_corr,penn_word_memory_test,,text,"Response correct for trial 32",,,,,,,,,,,
cpw_q33_resp,penn_word_memory_test,,text,"Response for trial 33",,,,,,,,,,,
cpw_q33_ttr,penn_word_memory_test,,text,"Time to respond (ms) for trial 33",,,,,,,,,,,
cpw_q33_corr,penn_word_memory_test,,text,"Response correct for trial 33",,,,,,,,,,,
cpw_q34_resp,penn_word_memory_test,,text,"Response for trial 34",,,,,,,,,,,
cpw_q34_ttr,penn_word_memory_test,,text,"Time to respond (ms) for trial 34",,,,,,,,,,,
cpw_q34_corr,penn_word_memory_test,,text,"Response correct for trial 34",,,,,,,,,,,
cpw_q35_resp,penn_word_memory_test,,text,"Response for trial 35",,,,,,,,,,,
cpw_q35_ttr,penn_word_memory_test,,text,"Time to respond (ms) for trial 35",,,,,,,,,,,
cpw_q35_corr,penn_word_memory_test,,text,"Response correct for trial 35",,,,,,,,,,,
cpw_q36_resp,penn_word_memory_test,,text,"Response for trial 36",,,,,,,,,,,
cpw_q36_ttr,penn_word_memory_test,,text,"Time to respond (ms) for trial 36",,,,,,,,,,,
cpw_q36_corr,penn_word_memory_test,,text,"Response correct for trial 36",,,,,,,,,,,
cpw_q37_resp,penn_word_memory_test,,text,"Response for trial 37",,,,,,,,,,,
cpw_q37_ttr,penn_word_memory_test,,text,"Time to respond (ms) for trial 37",,,,,,,,,,,
cpw_q37_corr,penn_word_memory_test,,text,"Response correct for trial 37",,,,,,,,,,,
cpw_q38_resp,penn_word_memory_test,,text,"Response for trial 38",,,,,,,,,,,
cpw_q38_ttr,penn_word_memory_test,,text,"Time to respond (ms) for trial 38",,,,,,,,,,,
cpw_q38_corr,penn_word_memory_test,,text,"Response correct for trial 38",,,,,,,,,,,
cpw_q39_resp,penn_word_memory_test,,text,"Response for trial 39",,,,,,,,,,,
cpw_q39_ttr,penn_word_memory_test,,text,"Time to respond (ms) for trial 39",,,,,,,,,,,
cpw_q39_corr,penn_word_memory_test,,text,"Response correct for trial 39",,,,,,,,,,,
cpw_q40_resp,penn_word_memory_test,,text,"Response for trial 40",,,,,,,,,,,
cpw_q40_ttr,penn_word_memory_test,,text,"Time to respond (ms) for trial 40",,,,,,,,,,,
cpw_q40_corr,penn_word_memory_test,,text,"Response correct for trial 40",,,,,,,,,,,
cpwd,penn_word_memory_test_delayed_version,,text,"Current Programming Version of the Scoring Code",,,,,,,,,,,
cpwd_starttime,penn_word_memory_test_delayed_version,,text,,,,datetime_seconds_ymd,,,,,,,,
cpwd_endtime,penn_word_memory_test_delayed_version,,text,,,,datetime_seconds_ymd,,,,,,,,
cpwd_test,penn_word_memory_test_delayed_version,,text,,,,,,,,,,,,
cpwd_status,penn_word_memory_test_delayed_version,,text,"Status Code Assigned to CPWD",,,,,,,,,,,
cpwd_valid_code,penn_word_memory_test_delayed_version,,text,"Valid Code Assigned to CPWD",,,,,,,,,,,
cpwd_cpwdtp,penn_word_memory_test_delayed_version,,text,"CPWD True Positive Responses",,,,,,,,,,,
cpwd_cpwdtn,penn_word_memory_test_delayed_version,,text,"CPWD True Negative Responses",,,,,,,,,,,
cpwd_cpwdfp,penn_word_memory_test_delayed_version,,text,"CPWD False Positive Responses",,,,,,,,,,,
cpwd_cpwdfn,penn_word_memory_test_delayed_version,,text,"CPWD False Negative Responses",,,,,,,,,,,
cpwd_cpwdtprt,penn_word_memory_test_delayed_version,,text,"Median Response Time for CPWD True Positive Responses (ms)",,,,,,,,,,,
cpwd_cpwdtnrt,penn_word_memory_test_delayed_version,,text,"Median Response Time for CPWD True Negative Responses (ms)",,,,,,,,,,,
cpwd_cpwdfprt,penn_word_memory_test_delayed_version,,text,"Median Response Time for CPWD False Positive Responses (ms)",,,,,,,,,,,
cpwd_cpwdfnrt,penn_word_memory_test_delayed_version,,text,"Median Response Time for CPWD False Negative Responses (ms)",,,,,,,,,,,
cpwd_dwrd_tot,penn_word_memory_test_delayed_version,,text,"CPWD Total Correct Responses",,,,,,,,,,,
cpwd_dwrd_rtc,penn_word_memory_test_delayed_version,,text,"Median Response Time for CPWD Total Correct Responses (ms)",,,,,,,,,,,
cpwd_q1_resp,penn_word_memory_test_delayed_version,,text,"Response for trial 1",,,,,,,,,,,
cpwd_q1_ttr,penn_word_memory_test_delayed_version,,text,"Time to respond (ms) for trial 1",,,,,,,,,,,
cpwd_q1_corr,penn_word_memory_test_delayed_version,,text,"Response correct for trial 1",,,,,,,,,,,
cpwd_q2_resp,penn_word_memory_test_delayed_version,,text,"Response for trial 2",,,,,,,,,,,
cpwd_q2_ttr,penn_word_memory_test_delayed_version,,text,"Time to respond (ms) for trial 2",,,,,,,,,,,
cpwd_q2_corr,penn_word_memory_test_delayed_version,,text,"Response correct for trial 2",,,,,,,,,,,
cpwd_q3_resp,penn_word_memory_test_delayed_version,,text,"Response for trial 3",,,,,,,,,,,
cpwd_q3_ttr,penn_word_memory_test_delayed_version,,text,"Time to respond (ms) for trial 3",,,,,,,,,,,
cpwd_q3_corr,penn_word_memory_test_delayed_version,,text,"Response correct for trial 3",,,,,,,,,,,
cpwd_q4_resp,penn_word_memory_test_delayed_version,,text,"Response for trial 4",,,,,,,,,,,
cpwd_q4_ttr,penn_word_memory_test_delayed_version,,text,"Time to respond (ms) for trial 4",,,,,,,,,,,
cpwd_q4_corr,penn_word_memory_test_delayed_version,,text,"Response correct for trial 4",,,,,,,,,,,
cpwd_q5_resp,penn_word_memory_test_delayed_version,,text,"Response for trial 5",,,,,,,,,,,
cpwd_q5_ttr,penn_word_memory_test_delayed_version,,text,"Time to respond (ms) for trial 5",,,,,,,,,,,
cpwd_q5_corr,penn_word_memory_test_delayed_version,,text,"Response correct for trial 5",,,,,,,,,,,
cpwd_q6_resp,penn_word_memory_test_delayed_version,,text,"Response for trial 6",,,,,,,,,,,
cpwd_q6_ttr,penn_word_memory_test_delayed_version,,text,"Time to respond (ms) for trial 6",,,,,,,,,,,
cpwd_q6_corr,penn_word_memory_test_delayed_version,,text,"Response correct for trial 6",,,,,,,,,,,
cpwd_q7_resp,penn_word_memory_test_delayed_version,,text,"Response for trial 7",,,,,,,,,,,
cpwd_q7_ttr,penn_word_memory_test_delayed_version,,text,"Time to respond (ms) for trial 7",,,,,,,,,,,
cpwd_q7_corr,penn_word_memory_test_delayed_version,,text,"Response correct for trial 7",,,,,,,,,,,
cpwd_q8_resp,penn_word_memory_test_delayed_version,,text,"Response for trial 8",,,,,,,,,,,
cpwd_q8_ttr,penn_word_memory_test_delayed_version,,text,"Time to respond (ms) for trial 8",,,,,,,,,,,
cpwd_q8_corr,penn_word_memory_test_delayed_version,,text,"Response correct for trial 8",,,,,,,,,,,
cpwd_q9_resp,penn_word_memory_test_delayed_version,,text,"Response for trial 9",,,,,,,,,,,
cpwd_q9_ttr,penn_word_memory_test_delayed_version,,text,"Time to respond (ms) for trial 9",,,,,,,,,,,
cpwd_q9_corr,penn_word_memory_test_delayed_version,,text,"Response correct for trial 9",,,,,,,,,,,
cpwd_q10_resp,penn_word_memory_test_delayed_version,,text,"Response for trial 10",,,,,,,,,,,
cpwd_q10_ttr,penn_word_memory_test_delayed_version,,text,"Time to respond (ms) for trial 10",,,,,,,,,,,
cpwd_q10_corr,penn_word_memory_test_delayed_version,,text,"Response correct for trial 10",,,,,,,,,,,
cpwd_q11_resp,penn_word_memory_test_delayed_version,,text,"Response for trial 11",,,,,,,,,,,
cpwd_q11_ttr,penn_word_memory_test_delayed_version,,text,"Time to respond (ms) for trial 11",,,,,,,,,,,
cpwd_q11_corr,penn_word_memory_test_delayed_version,,text,"Response correct for trial 11",,,,,,,,,,,
cpwd_q12_resp,penn_word_memory_test_delayed_version,,text,"Response for trial 12",,,,,,,,,,,
cpwd_q12_ttr,penn_word_memory_test_delayed_version,,text,"Time to respond (ms) for trial 12",,,,,,,,,,,
cpwd_q12_corr,penn_word_memory_test_delayed_version,,text,"Response correct for trial 12",,,,,,,,,,,
cpwd_q13_resp,penn_word_memory_test_delayed_version,,text,"Response for trial 13",,,,,,,,,,,
cpwd_q13_ttr,penn_word_memory_test_delayed_version,,text,"Time to respond (ms) for trial 13",,,,,,,,,,,
cpwd_q13_corr,penn_word_memory_test_delayed_version,,text,"Response correct for trial 13",,,,,,,,,,,
cpwd_q14_resp,penn_word_memory_test_delayed_version,,text,"Response for trial 14",,,,,,,,,,,
cpwd_q14_ttr,penn_word_memory_test_delayed_version,,text,"Time to respond (ms) for trial 14",,,,,,,,,,,
cpwd_q14_corr,penn_word_memory_test_delayed_version,,text,"Response correct for trial 14",,,,,,,,,,,
cpwd_q15_resp,penn_word_memory_test_delayed_version,,text,"Response for trial 15",,,,,,,,,,,
cpwd_q15_ttr,penn_word_memory_test_delayed_version,,text,"Time to respond (ms) for trial 15",,,,,,,,,,,
cpwd_q15_corr,penn_word_memory_test_delayed_version,,text,"Response correct for trial 15",,,,,,,,,,,
cpwd_q16_resp,penn_word_memory_test_delayed_version,,text,"Response for trial 16",,,,,,,,,,,
cpwd_q16_ttr,penn_word_memory_test_delayed_version,,text,"Time to respond (ms) for trial 16",,,,,,,,,,,
cpwd_q16_corr,penn_word_memory_test_delayed_version,,text,"Response correct for trial 16",,,,,,,,,,,
cpwd_q17_resp,penn_word_memory_test_delayed_version,,text,"Response for trial 17",,,,,,,,,,,
cpwd_q17_ttr,penn_word_memory_test_delayed_version,,text,"Time to respond (ms) for trial 17",,,,,,,,,,,
cpwd_q17_corr,penn_word_memory_test_delayed_version,,text,"Response correct for trial 17",,,,,,,,,,,
cpwd_q18_resp,penn_word_memory_test_delayed_version,,text,"Response for trial 18",,,,,,,,,,,
cpwd_q18_ttr,penn_word_memory_test_delayed_version,,text,"Time to respond (ms) for trial 18",,,,,,,,,,,
cpwd_q18_corr,penn_word_memory_test_delayed_version,,text,"Response correct for trial 18",,,,,,,,,,,
cpwd_q19_resp,penn_word_memory_test_delayed_version,,text,"Response for trial 19",,,,,,,,,,,
cpwd_q19_ttr,penn_word_memory_test_delayed_version,,text,"Time to respond (ms) for trial 19",,,,,,,,,,,
cpwd_q19_corr,penn_word_memory_test_delayed_version,,text,"Response correct for trial 19",,,,,,,,,,,
cpwd_q20_resp,penn_word_memory_test_delayed_version,,text,"Response for trial 20",,,,,,,,,,,
cpwd_q20_ttr,penn_word_memory_test_delayed_version,,text,"Time to respond (ms) for trial 20",,,,,,,,,,,
cpwd_q20_corr,penn_word_memory_test_delayed_version,,text,"Response correct for trial 20",,,,,,,,,,,
cpwd_q21_resp,penn_word_memory_test_delayed_version,,text,"Response for trial 21",,,,,,,,,,,
cpwd_q21_ttr,penn_word_memory_test_delayed_version,,text,"Time to respond (ms) for trial 21",,,,,,,,,,,
cpwd_q21_corr,penn_word_memory_test_delayed_version,,text,"Response correct for trial 21",,,,,,,,,,,
cpwd_q22_resp,penn_word_memory_test_delayed_version,,text,"Response for trial 22",,,,,,,,,,,
cpwd_q22_ttr,penn_word_memory_test_delayed_version,,text,"Time to respond (ms) for trial 22",,,,,,,,,,,
cpwd_q22_corr,penn_word_memory_test_delayed_version,,text,"Response correct for trial 22",,,,,,,,,,,
cpwd_q23_resp,penn_word_memory_test_delayed_version,,text,"Response for trial 23",,,,,,,,,,,
cpwd_q23_ttr,penn_word_memory_test_delayed_version,,text,"Time to respond (ms) for trial 23",,,,,,,,,,,
cpwd_q23_corr,penn_word_memory_test_delayed_version,,text,"Response correct for trial 23",,,,,,,,,,,
cpwd_q24_resp,penn_word_memory_test_delayed_version,,text,"Response for trial 24",,,,,,,,,,,
cpwd_q24_ttr,penn_word_memory_test_delayed_version,,text,"Time to respond (ms) for trial 24",,,,,,,,,,,
cpwd_q24_corr,penn_word_memory_test_delayed_version,,text,"Response correct for trial 24",,,,,,,,,,,
cpwd_q25_resp,penn_word_memory_test_delayed_version,,text,"Response for trial 25",,,,,,,,,,,
cpwd_q25_ttr,penn_word_memory_test_delayed_version,,text,"Time to respond (ms) for trial 25",,,,,,,,,,,
cpwd_q25_corr,penn_word_memory_test_delayed_version,,text,"Response correct for trial 25",,,,,,,,,,,
cpwd_q26_resp,penn_word_memory_test_delayed_version,,text,"Response for trial 26",,,,,,,,,,,
cpwd_q26_ttr,penn_word_memory_test_delayed_version,,text,"Time to respond (ms) for trial 26",,,,,,,,,,,
cpwd_q26_corr,penn_word_memory_test_delayed_version,,text,"Response correct for trial 26",,,,,,,,,,,
cpwd_q27_resp,penn_word_memory_test_delayed_version,,text,"Response for trial 27",,,,,,,,,,,
cpwd_q27_ttr,penn_word_memory_test_delayed_version,,text,"Time to respond (ms) for trial 27",,,,,,,,,,,
cpwd_q27_corr,penn_word_memory_test_delayed_version,,text,"Response correct for trial 27",,,,,,,,,,,
cpwd_q28_resp,penn_word_memory_test_delayed_version,,text,"Response for trial 28",,,,,,,,,,,
cpwd_q28_ttr,penn_word_memory_test_delayed_version,,text,"Time to respond (ms) for trial 28",,,,,,,,,,,
cpwd_q28_corr,penn_word_memory_test_delayed_version,,text,"Response correct for trial 28",,,,,,,,,,,
cpwd_q29_resp,penn_word_memory_test_delayed_version,,text,"Response for trial 29",,,,,,,,,,,
cpwd_q29_ttr,penn_word_memory_test_delayed_version,,text,"Time to respond (ms) for trial 29",,,,,,,,,,,
cpwd_q29_corr,penn_word_memory_test_delayed_version,,text,"Response correct for trial 29",,,,,,,,,,,
cpwd_q30_resp,penn_word_memory_test_delayed_version,,text,"Response for trial 30",,,,,,,,,,,
cpwd_q30_ttr,penn_word_memory_test_delayed_version,,text,"Time to respond (ms) for trial 30",,,,,,,,,,,
cpwd_q30_corr,penn_word_memory_test_delayed_version,,text,"Response correct for trial 30",,,,,,,,,,,
cpwd_q31_resp,penn_word_memory_test_delayed_version,,text,"Response for trial 31",,,,,,,,,,,
cpwd_q31_ttr,penn_word_memory_test_delayed_version,,text,"Time to respond (ms) for trial 31",,,,,,,,,,,
cpwd_q31_corr,penn_word_memory_test_delayed_version,,text,"Response correct for trial 31",,,,,,,,,,,
cpwd_q32_resp,penn_word_memory_test_delayed_version,,text,"Response for trial 32",,,,,,,,,,,
cpwd_q32_ttr,penn_word_memory_test_delayed_version,,text,"Time to respond (ms) for trial 32",,,,,,,,,,,
cpwd_q32_corr,penn_word_memory_test_delayed_version,,text,"Response correct for trial 32",,,,,,,,,,,
cpwd_q33_resp,penn_word_memory_test_delayed_version,,text,"Response for trial 33",,,,,,,,,,,
cpwd_q33_ttr,penn_word_memory_test_delayed_version,,text,"Time to respond (ms) for trial 33",,,,,,,,,,,
cpwd_q33_corr,penn_word_memory_test_delayed_version,,text,"Response correct for trial 33",,,,,,,,,,,
cpwd_q34_resp,penn_word_memory_test_delayed_version,,text,"Response for trial 34",,,,,,,,,,,
cpwd_q34_ttr,penn_word_memory_test_delayed_version,,text,"Time to respond (ms) for trial 34",,,,,,,,,,,
cpwd_q34_corr,penn_word_memory_test_delayed_version,,text,"Response correct for trial 34",,,,,,,,,,,
cpwd_q35_resp,penn_word_memory_test_delayed_version,,text,"Response for trial 35",,,,,,,,,,,
cpwd_q35_ttr,penn_word_memory_test_delayed_version,,text,"Time to respond (ms) for trial 35",,,,,,,,,,,
cpwd_q35_corr,penn_word_memory_test_delayed_version,,text,"Response correct for trial 35",,,,,,,,,,,
cpwd_q36_resp,penn_word_memory_test_delayed_version,,text,"Response for trial 36",,,,,,,,,,,
cpwd_q36_ttr,penn_word_memory_test_delayed_version,,text,"Time to respond (ms) for trial 36",,,,,,,,,,,
cpwd_q36_corr,penn_word_memory_test_delayed_version,,text,"Response correct for trial 36",,,,,,,,,,,
cpwd_q37_resp,penn_word_memory_test_delayed_version,,text,"Response for trial 37",,,,,,,,,,,
cpwd_q37_ttr,penn_word_memory_test_delayed_version,,text,"Time to respond (ms) for trial 37",,,,,,,,,,,
cpwd_q37_corr,penn_word_memory_test_delayed_version,,text,"Response correct for trial 37",,,,,,,,,,,
cpwd_q38_resp,penn_word_memory_test_delayed_version,,text,"Response for trial 38",,,,,,,,,,,
cpwd_q38_ttr,penn_word_memory_test_delayed_version,,text,"Time to respond (ms) for trial 38",,,,,,,,,,,
cpwd_q38_corr,penn_word_memory_test_delayed_version,,text,"Response correct for trial 38",,,,,,,,,,,
cpwd_q39_resp,penn_word_memory_test_delayed_version,,text,"Response for trial 39",,,,,,,,,,,
cpwd_q39_ttr,penn_word_memory_test_delayed_version,,text,"Time to respond (ms) for trial 39",,,,,,,,,,,
cpwd_q39_corr,penn_word_memory_test_delayed_version,,text,"Response correct for trial 39",,,,,,,,,,,
cpwd_q40_resp,penn_word_memory_test_delayed_version,,text,"Response for trial 40",,,,,,,,,,,
cpwd_q40_ttr,penn_word_memory_test_delayed_version,,text,"Time to respond (ms) for trial 40",,,,,,,,,,,
cpwd_q40_corr,penn_word_memory_test_delayed_version,,text,"Response correct for trial 40",,,,,,,,,,,
pcet,penn_conditional_exclusion_test_form_a,,text,"Current Programming Version of the Scoring Code",,,,,,,,,,,
pcet_status,penn_conditional_exclusion_test_form_a,,text,"Status Code Assigned to PCET",,,,,,,,,,,
pcet_valid_code,penn_conditional_exclusion_test_form_a,,text,"Valid Code Assigned to PCET",,,,,,,,,,,
pcet_pcetcr,penn_conditional_exclusion_test_form_a,,text,"PCET Number Correct Responses",,,,,,,,,,,
pcet_pcetrtcr,penn_conditional_exclusion_test_form_a,,text,"Median Response Time for PCET Correct Responses (ms)",,,,,,,,,,,
pcet_pceter,penn_conditional_exclusion_test_form_a,,text,"PCET Number Incorrect Responses",,,,,,,,,,,
pcet_pcetrter,penn_conditional_exclusion_test_form_a,,text,"Median Response Time for PCET Incorrect Responses (ms)",,,,,,,,,,,
pcet_per_er,penn_conditional_exclusion_test_form_a,,text,"PCET Number of Perseverative Errors",,,,,,,,,,,
pcet_per_res,penn_conditional_exclusion_test_form_a,,text,"PCET Perseverative Errors Plus Correct Perseverative Responses",,,,,,,,,,,
pcet_pcet_eff,penn_conditional_exclusion_test_form_a,,text,"PCET Efficiency = PCET_ACC/log(PCETRTCR)",,,,,,,,,,,
pcet_pcet_num,penn_conditional_exclusion_test_form_a,,text,"Total Number of Trials",,,,,,,,,,,
pcet_pcet_cat,penn_conditional_exclusion_test_form_a,,text,"Number of PCET Categories Achieved",,,,,,,,,,,
pcet_cat1_tr,penn_conditional_exclusion_test_form_a,,text,"Number of Trials Required to Achieve Category 1",,,,,,,,,,,
pcet_cat2_tr,penn_conditional_exclusion_test_form_a,,text,"Number of Trials Required to Achieve Category 2",,,,,,,,,,,
pcet_cat3_tr,penn_conditional_exclusion_test_form_a,,text,"Number of Trials Required to Achieve Category 3",,,,,,,,,,,
pcet_pcet_acc,penn_conditional_exclusion_test_form_a,,text,"PCET Accuracy = PCET_CAT * PCETCR/(PCETCR +PCETER)",,,,,,,,,,,
pcet_pcet_acc2,penn_conditional_exclusion_test_form_a,,text,"PECT Accuracy2 = (PCET_CAT+1)*PCETCR/(PCETCR+PCETER)",,,,,,,,,,,
pmat,penn_matrix_analysis_test_form_a_24_items,,text,UNDOC,,,,,,,,,,,
pmat24a_pmat24_form,penn_matrix_analysis_test_form_a_24_items,,text,"Form of this administration",,,,,,,,,,,
pmat24a_status,penn_matrix_analysis_test_form_a_24_items,,text,"Status Code Assigned to PMAT24",,,,,,,,,,,
pmat24a_valid_code,penn_matrix_analysis_test_form_a_24_items,,text,"Valid Code Assigned to PMAT24",,,,,,,,,,,
pmat24a_pmat24_a_cr,penn_matrix_analysis_test_form_a_24_items,,text,"PMAT24 Correct Responses for Form A",,,,,,,,,,,
pmat24a_pmat24_a_si,penn_matrix_analysis_test_form_a_24_items,,text,"PMAT24 Total Skipped Items (items not presented because maximum errors allowed reached) for Form A",,,,,,,,,,,
pmat24a_pmat24_a_rtcr,penn_matrix_analysis_test_form_a_24_items,,text,"Median Response Time for Correct PMAT24 Responses (ms) for Form A",,,,,,,,,,,
pmat24a_pmat24_a_rter,penn_matrix_analysis_test_form_a_24_items,,text,"Median Response Time for Incorrect PMAT24 Responses (ms) for Form A",,,,,,,,,,,
pmat24a_pmat24_a_rtto,penn_matrix_analysis_test_form_a_24_items,,text,"Median Resposne Time for All PMAT24 Responses (ms) for Form A",,,,,,,,,,,
pmat24a_q01_resp,penn_matrix_analysis_test_form_a_24_items,,text,"Response for trial 1",,,,,,,,,,,
pmat24a_q01_ttr,penn_matrix_analysis_test_form_a_24_items,,text,"Time to respond (ms) for trial 1",,,,,,,,,,,
pmat24a_q01_corr,penn_matrix_analysis_test_form_a_24_items,,text,"Response correct for trial 1",,,,,,,,,,,
pmat24a_q02_resp,penn_matrix_analysis_test_form_a_24_items,,text,"Response for trial 2",,,,,,,,,,,
pmat24a_q02_ttr,penn_matrix_analysis_test_form_a_24_items,,text,"Time to respond (ms) for trial 2",,,,,,,,,,,
pmat24a_q02_corr,penn_matrix_analysis_test_form_a_24_items,,text,"Response correct for trial 2",,,,,,,,,,,
pmat24a_q03_resp,penn_matrix_analysis_test_form_a_24_items,,text,"Response for trial 3",,,,,,,,,,,
pmat24a_q03_ttr,penn_matrix_analysis_test_form_a_24_items,,text,"Time to respond (ms) for trial 3",,,,,,,,,,,
pmat24a_q03_corr,penn_matrix_analysis_test_form_a_24_items,,text,"Response correct for trial 3",,,,,,,,,,,
pmat24a_q04_resp,penn_matrix_analysis_test_form_a_24_items,,text,"Response for trial 4",,,,,,,,,,,
pmat24a_q04_ttr,penn_matrix_analysis_test_form_a_24_items,,text,"Time to respond (ms) for trial 4",,,,,,,,,,,
pmat24a_q04_corr,penn_matrix_analysis_test_form_a_24_items,,text,"Response correct for trial 4",,,,,,,,,,,
pmat24a_q05_resp,penn_matrix_analysis_test_form_a_24_items,,text,"Response for trial 5",,,,,,,,,,,
pmat24a_q05_ttr,penn_matrix_analysis_test_form_a_24_items,,text,"Time to respond (ms) for trial 5",,,,,,,,,,,
pmat24a_q05_corr,penn_matrix_analysis_test_form_a_24_items,,text,"Response correct for trial 5",,,,,,,,,,,
pmat24a_q06_resp,penn_matrix_analysis_test_form_a_24_items,,text,"Response for trial 6",,,,,,,,,,,
pmat24a_q06_ttr,penn_matrix_analysis_test_form_a_24_items,,text,"Time to respond (ms) for trial 6",,,,,,,,,,,
pmat24a_q06_corr,penn_matrix_analysis_test_form_a_24_items,,text,"Response correct for trial 6",,,,,,,,,,,
pmat24a_q07_resp,penn_matrix_analysis_test_form_a_24_items,,text,"Response for trial 7",,,,,,,,,,,
pmat24a_q07_ttr,penn_matrix_analysis_test_form_a_24_items,,text,"Time to respond (ms) for trial 7",,,,,,,,,,,
pmat24a_q07_corr,penn_matrix_analysis_test_form_a_24_items,,text,"Response correct for trial 7",,,,,,,,,,,
pmat24a_q08_resp,penn_matrix_analysis_test_form_a_24_items,,text,"Response for trial 8",,,,,,,,,,,
pmat24a_q08_ttr,penn_matrix_analysis_test_form_a_24_items,,text,"Time to respond (ms) for trial 8",,,,,,,,,,,
pmat24a_q08_corr,penn_matrix_analysis_test_form_a_24_items,,text,"Response correct for trial 8",,,,,,,,,,,
pmat24a_q09_resp,penn_matrix_analysis_test_form_a_24_items,,text,"Response for trial 9",,,,,,,,,,,
pmat24a_q09_ttr,penn_matrix_analysis_test_form_a_24_items,,text,"Time to respond (ms) for trial 9",,,,,,,,,,,
pmat24a_q09_corr,penn_matrix_analysis_test_form_a_24_items,,text,"Response correct for trial 9",,,,,,,,,,,
pmat24a_q10_resp,penn_matrix_analysis_test_form_a_24_items,,text,"Response for trial 10",,,,,,,,,,,
pmat24a_q10_ttr,penn_matrix_analysis_test_form_a_24_items,,text,"Time to respond (ms) for trial 10",,,,,,,,,,,
pmat24a_q10_corr,penn_matrix_analysis_test_form_a_24_items,,text,"Response correct for trial 10",,,,,,,,,,,
pmat24a_q11_resp,penn_matrix_analysis_test_form_a_24_items,,text,"Response for trial 11",,,,,,,,,,,
pmat24a_q11_ttr,penn_matrix_analysis_test_form_a_24_items,,text,"Time to respond (ms) for trial 11",,,,,,,,,,,
pmat24a_q11_corr,penn_matrix_analysis_test_form_a_24_items,,text,"Response correct for trial 11",,,,,,,,,,,
pmat24a_q12_resp,penn_matrix_analysis_test_form_a_24_items,,text,"Response for trial 12",,,,,,,,,,,
pmat24a_q12_ttr,penn_matrix_analysis_test_form_a_24_items,,text,"Time to respond (ms) for trial 12",,,,,,,,,,,
pmat24a_q12_corr,penn_matrix_analysis_test_form_a_24_items,,text,"Response correct for trial 12",,,,,,,,,,,
pmat24a_q13_resp,penn_matrix_analysis_test_form_a_24_items,,text,"Response for trial 13",,,,,,,,,,,
pmat24a_q13_ttr,penn_matrix_analysis_test_form_a_24_items,,text,"Time to respond (ms) for trial 13",,,,,,,,,,,
pmat24a_q13_corr,penn_matrix_analysis_test_form_a_24_items,,text,"Response correct for trial 13",,,,,,,,,,,
pmat24a_q14_resp,penn_matrix_analysis_test_form_a_24_items,,text,"Response for trial 14",,,,,,,,,,,
pmat24a_q14_ttr,penn_matrix_analysis_test_form_a_24_items,,text,"Time to respond (ms) for trial 14",,,,,,,,,,,
pmat24a_q14_corr,penn_matrix_analysis_test_form_a_24_items,,text,"Response correct for trial 14",,,,,,,,,,,
pmat24a_q15_resp,penn_matrix_analysis_test_form_a_24_items,,text,"Response for trial 15",,,,,,,,,,,
pmat24a_q15_ttr,penn_matrix_analysis_test_form_a_24_items,,text,"Time to respond (ms) for trial 15",,,,,,,,,,,
pmat24a_q15_corr,penn_matrix_analysis_test_form_a_24_items,,text,"Response correct for trial 15",,,,,,,,,,,
pmat24a_q16_resp,penn_matrix_analysis_test_form_a_24_items,,text,"Response for trial 16",,,,,,,,,,,
pmat24a_q16_ttr,penn_matrix_analysis_test_form_a_24_items,,text,"Time to respond (ms) for trial 16",,,,,,,,,,,
pmat24a_q16_corr,penn_matrix_analysis_test_form_a_24_items,,text,"Response correct for trial 16",,,,,,,,,,,
pmat24a_q17_resp,penn_matrix_analysis_test_form_a_24_items,,text,"Response for trial 17",,,,,,,,,,,
pmat24a_q17_ttr,penn_matrix_analysis_test_form_a_24_items,,text,"Time to respond (ms) for trial 17",,,,,,,,,,,
pmat24a_q17_corr,penn_matrix_analysis_test_form_a_24_items,,text,"Response correct for trial 17",,,,,,,,,,,
pmat24a_q18_resp,penn_matrix_analysis_test_form_a_24_items,,text,"Response for trial 18",,,,,,,,,,,
pmat24a_q18_ttr,penn_matrix_analysis_test_form_a_24_items,,text,"Time to respond (ms) for trial 18",,,,,,,,,,,
pmat24a_q18_corr,penn_matrix_analysis_test_form_a_24_items,,text,"Response correct for trial 18",,,,,,,,,,,
pmat24a_q19_resp,penn_matrix_analysis_test_form_a_24_items,,text,"Response for trial 19",,,,,,,,,,,
pmat24a_q19_ttr,penn_matrix_analysis_test_form_a_24_items,,text,"Time to respond (ms) for trial 19",,,,,,,,,,,
pmat24a_q19_corr,penn_matrix_analysis_test_form_a_24_items,,text,"Response correct for trial 19",,,,,,,,,,,
pmat24a_q20_resp,penn_matrix_analysis_test_form_a_24_items,,text,"Response for trial 20",,,,,,,,,,,
pmat24a_q20_ttr,penn_matrix_analysis_test_form_a_24_items,,text,"Time to respond (ms) for trial 20",,,,,,,,,,,
pmat24a_q20_corr,penn_matrix_analysis_test_form_a_24_items,,text,"Response correct for trial 20",,,,,,,,,,,
pmat24a_q21_resp,penn_matrix_analysis_test_form_a_24_items,,text,"Response for trial 21",,,,,,,,,,,
pmat24a_q21_ttr,penn_matrix_analysis_test_form_a_24_items,,text,"Time to respond (ms) for trial 21",,,,,,,,,,,
pmat24a_q21_corr,penn_matrix_analysis_test_form_a_24_items,,text,"Response correct for trial 21",,,,,,,,,,,
pmat24a_q22_resp,penn_matrix_analysis_test_form_a_24_items,,text,"Response for trial 22",,,,,,,,,,,
pmat24a_q22_ttr,penn_matrix_analysis_test_form_a_24_items,,text,"Time to respond (ms) for trial 22",,,,,,,,,,,
pmat24a_q22_corr,penn_matrix_analysis_test_form_a_24_items,,text,"Response correct for trial 22",,,,,,,,,,,
pmat24a_q23_resp,penn_matrix_analysis_test_form_a_24_items,,text,"Response for trial 23",,,,,,,,,,,
pmat24a_q23_ttr,penn_matrix_analysis_test_form_a_24_items,,text,"Time to respond (ms) for trial 23",,,,,,,,,,,
pmat24a_q23_corr,penn_matrix_analysis_test_form_a_24_items,,text,"Response correct for trial 23",,,,,,,,,,,
pmat24a_q24_resp,penn_matrix_analysis_test_form_a_24_items,,text,"Response for trial 24",,,,,,,,,,,
pmat24a_q24_ttr,penn_matrix_analysis_test_form_a_24_items,,text,"Time to respond (ms) for trial 24",,,,,,,,,,,
pmat24a_q24_corr,penn_matrix_analysis_test_form_a_24_items,,text,"Response correct for trial 24",,,,,,,,,,,
pvoc_scorvers,penn_vocabulary_test,,text,"Current Programming Version of the Scoring Code",,,,,,,,,,,
pvoc_test,penn_vocabulary_test,,text,UNDOC,,,,,,,,,,,
pvoc_status,penn_vocabulary_test,,text,"Status Code Assigned to PVOC",,,,,,,,,,,
pvoc_valid_code,penn_vocabulary_test,,text,"Valid Code Assigned to PVOC",,,,,,,,,,,
pvoc_pvoc1,penn_vocabulary_test,,text,"PVOC Correct Responses for Items 1-10",,,,,,,,,,,
pvoc_pvoc2,penn_vocabulary_test,,text,"PVOC Correct Responses for Items 11-20",,,,,,,,,,,
pvoc_pvoc3,penn_vocabulary_test,,text,"PVOC Correct Responses for Items 21-30",,,,,,,,,,,
pvoc_pvoc4,penn_vocabulary_test,,text,"PVOC Correct Responses for Items 31-40",,,,,,,,,,,
pvoc_pvoc5,penn_vocabulary_test,,text,"PVOC Correct Responses for Items 41-50",,,,,,,,,,,
pvoc_pvoccr,penn_vocabulary_test,,text,"PVOC Total Correct Responses",,,,,,,,,,,
pvoc_pvocnr,penn_vocabulary_test,,text,"PVOC Total Non-Responses",,,,,,,,,,,
pvoc_pvoc1rtcr,penn_vocabulary_test,,text,"Median Response Time for correct PVOC1 Trials (ms)",,,,,,,,,,,
pvoc_pvoc2rtcr,penn_vocabulary_test,,text,"Median Response Time for correct PVOC2 Trials (ms)",,,,,,,,,,,
pvoc_pvoc3rtcr,penn_vocabulary_test,,text,"Median Response Time for correct PVOC3 Trials (ms)",,,,,,,,,,,
pvoc_pvoc4rtcr,penn_vocabulary_test,,text,"Median Response Time for correct PVOC4 Trials (ms)",,,,,,,,,,,
pvoc_pvoc5rtcr,penn_vocabulary_test,,text,"Median Response Time for correct PVOC5 Trials (ms)",,,,,,,,,,,
pvoc_pvocrtcr,penn_vocabulary_test,,text,"Median Response Time for correct PVOC (All Trials) (ms)",,,,,,,,,,,
pvoc_pvoc1rter,penn_vocabulary_test,,text,"Median Response Time for incorrect PVOC1 Trials (ms)",,,,,,,,,,,
pvoc_pvoc2rter,penn_vocabulary_test,,text,"Median Response Time for incorrect PVOC2 Trials (ms)",,,,,,,,,,,
pvoc_pvoc3rter,penn_vocabulary_test,,text,"Median Response Time for incorrect PVOC3 Trials (ms)",,,,,,,,,,,
pvoc_pvoc4rter,penn_vocabulary_test,,text,"Median Response Time for incorrect PVOC4 Trials (ms)",,,,,,,,,,,
pvoc_pvoc5rter,penn_vocabulary_test,,text,"Median Response Time for incorrect PVOC5 Trials (ms)",,,,,,,,,,,
pvoc_pvocrter,penn_vocabulary_test,,text,"Median Response Time for incorrect PVOC (All Trials) (ms)",,,,,,,,,,,
pvoc_pvoc_q1,penn_vocabulary_test,,text,"PVOC Q1: Were all of the instructions clear?",,,,,,,,,,,
pvoc_pvoc_q2,penn_vocabulary_test,,text,"PVOC Q2: Did you have enough time to complete each item?",,,,,,,,,,,
pvoc_pvoc_q3,penn_vocabulary_test,,text,"PVOC Q3: Are you a native speaker of English?",,,,,,,,,,,
pvoc_pvoc_q4,penn_vocabulary_test,,text,"PVOC Q4: If no, at what age did you learn English?",,,,,,,,,,,
pvoc_pvoc_q5,penn_vocabulary_test,,text,"PVOC Q5: Most recent Verbal SAT score",,,,,,,,,,,
pvoc_pvoc_q6,penn_vocabulary_test,,text,"PVOC Q6: Most recent Math SAT score",,,,,,,,,,,
pvoc_pvoc_q7,penn_vocabulary_test,,text,"PVOC Q7: SAT Year Taken",,,,,,,,,,,
pvoc_res_1,penn_vocabulary_test,,text,"Response for Item 1",,,,,,,,,,,
pvoc_res_2,penn_vocabulary_test,,text,"Response for Item 2",,,,,,,,,,,
pvoc_res_3,penn_vocabulary_test,,text,"Response for Item 3",,,,,,,,,,,
pvoc_res_4,penn_vocabulary_test,,text,"Response for Item 4",,,,,,,,,,,
pvoc_res_5,penn_vocabulary_test,,text,"Response for Item 5",,,,,,,,,,,
pvoc_res_6,penn_vocabulary_test,,text,"Response for Item 6",,,,,,,,,,,
pvoc_res_7,penn_vocabulary_test,,text,"Response for Item 7",,,,,,,,,,,
pvoc_res_8,penn_vocabulary_test,,text,"Response for Item 8",,,,,,,,,,,
pvoc_res_9,penn_vocabulary_test,,text,"Response for Item 9",,,,,,,,,,,
pvoc_res_10,penn_vocabulary_test,,text,"Response for Item 10",,,,,,,,,,,
pvoc_res_11,penn_vocabulary_test,,text,"Response for Item 11",,,,,,,,,,,
pvoc_res_12,penn_vocabulary_test,,text,"Response for Item 12",,,,,,,,,,,
pvoc_res_13,penn_vocabulary_test,,text,"Response for Item 13",,,,,,,,,,,
pvoc_res_14,penn_vocabulary_test,,text,"Response for Item 14",,,,,,,,,,,
pvoc_res_15,penn_vocabulary_test,,text,"Response for Item 15",,,,,,,,,,,
pvoc_res_16,penn_vocabulary_test,,text,"Response for Item 16",,,,,,,,,,,
pvoc_res_17,penn_vocabulary_test,,text,"Response for Item 17",,,,,,,,,,,
pvoc_res_18,penn_vocabulary_test,,text,"Response for Item 18",,,,,,,,,,,
pvoc_res_19,penn_vocabulary_test,,text,"Response for Item 19",,,,,,,,,,,
pvoc_res_20,penn_vocabulary_test,,text,"Response for Item 20",,,,,,,,,,,
pvoc_res_21,penn_vocabulary_test,,text,"Response for Item 21",,,,,,,,,,,
pvoc_res_22,penn_vocabulary_test,,text,"Response for Item 22",,,,,,,,,,,
pvoc_res_23,penn_vocabulary_test,,text,"Response for Item 23",,,,,,,,,,,
pvoc_res_24,penn_vocabulary_test,,text,"Response for Item 24",,,,,,,,,,,
pvoc_res_25,penn_vocabulary_test,,text,"Response for Item 25",,,,,,,,,,,
pvoc_res_26,penn_vocabulary_test,,text,"Response for Item 26",,,,,,,,,,,
pvoc_res_27,penn_vocabulary_test,,text,"Response for Item 27",,,,,,,,,,,
pvoc_res_28,penn_vocabulary_test,,text,"Response for Item 28",,,,,,,,,,,
pvoc_res_29,penn_vocabulary_test,,text,"Response for Item 29",,,,,,,,,,,
pvoc_res_30,penn_vocabulary_test,,text,"Response for Item 30",,,,,,,,,,,
pvoc_res_31,penn_vocabulary_test,,text,"Response for Item 31",,,,,,,,,,,
pvoc_res_32,penn_vocabulary_test,,text,"Response for Item 32",,,,,,,,,,,
pvoc_res_33,penn_vocabulary_test,,text,"Response for Item 33",,,,,,,,,,,
pvoc_res_34,penn_vocabulary_test,,text,"Response for Item 34",,,,,,,,,,,
pvoc_res_35,penn_vocabulary_test,,text,"Response for Item 35",,,,,,,,,,,
pvoc_res_36,penn_vocabulary_test,,text,"Response for Item 36",,,,,,,,,,,
pvoc_res_37,penn_vocabulary_test,,text,"Response for Item 37",,,,,,,,,,,
pvoc_res_38,penn_vocabulary_test,,text,"Response for Item 38",,,,,,,,,,,
pvoc_res_39,penn_vocabulary_test,,text,"Response for Item 39",,,,,,,,,,,
pvoc_res_40,penn_vocabulary_test,,text,"Response for Item 40",,,,,,,,,,,
pvoc_res_41,penn_vocabulary_test,,text,"Response for Item 41",,,,,,,,,,,
pvoc_res_42,penn_vocabulary_test,,text,"Response for Item 42",,,,,,,,,,,
pvoc_res_43,penn_vocabulary_test,,text,"Response for Item 43",,,,,,,,,,,
pvoc_res_44,penn_vocabulary_test,,text,"Response for Item 44",,,,,,,,,,,
pvoc_res_45,penn_vocabulary_test,,text,"Response for Item 45",,,,,,,,,,,
pvoc_res_46,penn_vocabulary_test,,text,"Response for Item 46",,,,,,,,,,,
pvoc_res_47,penn_vocabulary_test,,text,"Response for Item 47",,,,,,,,,,,
pvoc_res_48,penn_vocabulary_test,,text,"Response for Item 48",,,,,,,,,,,
pvoc_res_49,penn_vocabulary_test,,text,"Response for Item 49",,,,,,,,,,,
pvoc_res_50,penn_vocabulary_test,,text,"Response for Item 50",,,,,,,,,,,
spvrt,penn_logical_reasoning_test_short_version,,text,"Current Programming Version of the Scoring Code",,,,,,,,,,,
pvrt_status,penn_logical_reasoning_test_short_version,,text,"Status Code Assigned to SPVRT",,,,,,,,,,,
pvrt_valid_code,penn_logical_reasoning_test_short_version,,text,"Valid Code Assigned to SPVRT",,,,,,,,,,,
pvrt_pvrtcr,penn_logical_reasoning_test_short_version,,text,"Correct Responses for SPVRT",,,,,,,,,,,
pvrt_pvrt_pc,penn_logical_reasoning_test_short_version,,text,"Percent Correct for SPVRT",,,,,,,,,,,
pvrt_pvrtrtto,penn_logical_reasoning_test_short_version,,text,"All Responses Median Response Time (ms) for SPVRT",,,,,,,,,,,
pvrt_pvrtrtcr,penn_logical_reasoning_test_short_version,,text,"SPVRT Median Response Time for Correct Responses (ms)",,,,,,,,,,,
pvrt_pvrtrter,penn_logical_reasoning_test_short_version,,text,"SPVRT Median Response Time for Incorrect Responses (ms)",,,,,,,,,,,
pvrt_pvrt_eff,penn_logical_reasoning_test_short_version,,text,"PVRT Efficiency = PVRT_PC/log(PVRTRTCR)",,,,,,,,,,,
svolt,visual_object_learning_test_short_version,,text,"Current Programming Version of the Scoring Code",,,,,,,,,,,
shortvolt_status,visual_object_learning_test_short_version,,text,"Status Code Assigned to SVOLT",,,,,,,,,,,
shortvolt_valid_code,visual_object_learning_test_short_version,,text,"Valid Code Assigned to SVOLT",,,,,,,,,,,
shortvolt_svt,visual_object_learning_test_short_version,,text,"SVOLT Total Correct",,,,,,,,,,,
shortvolt_svtrt,visual_object_learning_test_short_version,,text,"Median Response Time for Short VOLT All Responses (ms)",,,,,,,,,,,
shortvolt_svtcrt,visual_object_learning_test_short_version,,text,"Median Response Time for SVOLT Correct Responses (ms)",,,,,,,,,,,
shortvolt_svtirt,visual_object_learning_test_short_version,,text,"Median Response Time for SVOLT Incorrect Responses (ms)",,,,,,,,,,,
shortvolt_svttp,visual_object_learning_test_short_version,,text,"SVOLT True Positive Responses",,,,,,,,,,,
shortvolt_svttn,visual_object_learning_test_short_version,,text,"SVOLT True Negative Responses",,,,,,,,,,,
shortvolt_svtfp,visual_object_learning_test_short_version,,text,"SVOLT False Positive Responses",,,,,,,,,,,
shortvolt_svtfn,visual_object_learning_test_short_version,,text,"SVOLT False Negative Responses",,,,,,,,,,,
shortvolt_svttprt,visual_object_learning_test_short_version,,text,"SVOLT True Positive Median Response Time (ms)",,,,,,,,,,,
shortvolt_svttnrt,visual_object_learning_test_short_version,,text,"SVOLT True Negative Median Response Time (ms)",,,,,,,,,,,
shortvolt_svtfprt,visual_object_learning_test_short_version,,text,"SVOLT False Positive Median Response Time (ms)",,,,,,,,,,,
shortvolt_svtfnrt,visual_object_learning_test_short_version,,text,"SVOLT False Negative Median Response Time (ms)",,,,,,,,,,,
shortvolt_svt_eff,visual_object_learning_test_short_version,,text,"Short VOLT Efficiency",,,,,,,,,,,
spcptnl,short_penn_continuous_performance_task_number_letter_version,,text,"Current Programming Version of the Scoring Code",,,,,,,,,,,
spcptnl_status,short_penn_continuous_performance_task_number_letter_version,,text,"Status Code Assigned to SPCPTNL",,,,,,,,,,,
spcptnl_valid_code,short_penn_continuous_performance_task_number_letter_version,,text,"Valid Code Assigned to SPCPTNL",,,,,,,,,,,
spcptnl_scpn_tp,short_penn_continuous_performance_task_number_letter_version,,text,"NumLet True Positive Responses for Number Trials",,,,,,,,,,,
spcptnl_scpn_fp,short_penn_continuous_performance_task_number_letter_version,,text,"NumLet False Positive Responses for Number Trials",,,,,,,,,,,
spcptnl_scpn_tn,short_penn_continuous_performance_task_number_letter_version,,text,"NumLet True Negative Responses for Number Trials",,,,,,,,,,,
spcptnl_scpn_fn,short_penn_continuous_performance_task_number_letter_version,,text,"NumLet False Negative Responses for Number Trials",,,,,,,,,,,
spcptnl_scpn_tprt,short_penn_continuous_performance_task_number_letter_version,,text,"Median Response Time for NumLet True Positive Responses for Number Trials (ms)",,,,,,,,,,,
spcptnl_scpn_fprt,short_penn_continuous_performance_task_number_letter_version,,text,"Median Response Time for NumLet False Positive Responses for Number Trials (ms)",,,,,,,,,,,
spcptnl_scpl_tp,short_penn_continuous_performance_task_number_letter_version,,text,"NumLet True Positive Responses for Letter Trials",,,,,,,,,,,
spcptnl_scpl_fp,short_penn_continuous_performance_task_number_letter_version,,text,"NumLet False Positive Responses for Letter Trials",,,,,,,,,,,
spcptnl_scpl_tn,short_penn_continuous_performance_task_number_letter_version,,text,"NumLet True Negative Responses for Letters Trials",,,,,,,,,,,
spcptnl_scpl_fn,short_penn_continuous_performance_task_number_letter_version,,text,"NumLet False Negative Responses for Letters Trials",,,,,,,,,,,
spcptnl_scpl_tprt,short_penn_continuous_performance_task_number_letter_version,,text,"Median Response Time for NumLet True Positive Responses for Letter Trials (ms)",,,,,,,,,,,
spcptnl_scpl_fprt,short_penn_continuous_performance_task_number_letter_version,,text,"Median Response Time for NumLet False Positive Responses for Letter Trials (ms)",,,,,,,,,,,
spcptnl_scpt_tp,short_penn_continuous_performance_task_number_letter_version,,text,"NumLet CPT True Positives - Sum of CPN_TP and CPL_TP",,,,,,,,,,,
spcptnl_scpt_fp,short_penn_continuous_performance_task_number_letter_version,,text,"NumLet CPT False Positives - Sum of CPN_FP and CPL_FP",,,,,,,,,,,
spcptnl_scpt_tn,short_penn_continuous_performance_task_number_letter_version,,text,"NumLet CPT True Negatives - Sum of SCPN_TN and SCPL_TN",,,,,,,,,,,
spcptnl_scpt_fn,short_penn_continuous_performance_task_number_letter_version,,text,"NumLet CPT False Negatives - Sum of SCPN_FN and SCPL_FN",,,,,,,,,,,
spcptnl_scpt_tprt,short_penn_continuous_performance_task_number_letter_version,,text,"Median Response Time for NumLet True Positive Responses (ms)",,,,,,,,,,,
spcptnl_scpt_fprt,short_penn_continuous_performance_task_number_letter_version,,text,"Median Response Time for NumLet False Positive Responses (ms)",,,,,,,,,,,
spcptnl_scpt_lrnr,short_penn_continuous_performance_task_number_letter_version,,text,"NumLet CPT Longest Run of Non-Responses",,,,,,,,,,,
spcptnl_scpt_frnr,short_penn_continuous_performance_task_number_letter_version,,text,"NumLet CPT Final Run of Non-Responses",,,,,,,,,,,
svoltd,visual_object_learning_test_delayed_short_version,,text,"Current Programming Version of the Scoring Code",,,,,,,,,,,
svdelay_status,visual_object_learning_test_delayed_short_version,,text,"Status Code Assigned to SVOLTD",,,,,,,,,,,
svdelay_valid_code,visual_object_learning_test_delayed_short_version,,text,"Valid Code Assigned to SVOLTD",,,,,,,,,,,
svdelay_svt_ld,visual_object_learning_test_delayed_short_version,,text,"SVOLTD Total Correct",,,,,,,,,,,
svdelay_svtldrtc,visual_object_learning_test_delayed_short_version,,text,"Median Response Time for SVOLTD Correct Responses (ms)",,,,,,,,,,,
svdelay_svtldrter,visual_object_learning_test_delayed_short_version,,text,"Median Response Time for SVOLTD Incorrect Responses (ms)",,,,,,,,,,,
svdelay_svt_ldtp,visual_object_learning_test_delayed_short_version,,text,"SVOLTD True Positive Responses",,,,,,,,,,,
svdelay_svt_ldtn,visual_object_learning_test_delayed_short_version,,text,"SVOLTD True Negative Responses",,,,,,,,,,,
svdelay_svt_ldfp,visual_object_learning_test_delayed_short_version,,text,"SVOLTD False Positive Responses",,,,,,,,,,,
svdelay_svt_ldfn,visual_object_learning_test_delayed_short_version,,text,"SVOLTD False Negative Responses",,,,,,,,,,,
svdelay_svt_ldtprt,visual_object_learning_test_delayed_short_version,,text,"SVOLTD True Positive Median Response Time (ms)",,,,,,,,,,,
svdelay_svt_ldtnrt,visual_object_learning_test_delayed_short_version,,text,"SVOLTD True Negative Median Response Time (ms)",,,,,,,,,,,
svdelay_svt_ldfprt,visual_object_learning_test_delayed_short_version,,text,"SVOLTD False Positive Median Response Time (ms)",,,,,,,,,,,
svdelay_svt_ldfnrt,visual_object_learning_test_delayed_short_version,,text,"SVOLTD False Negative Median Response Time (ms)",,,,,,,,,,,
svdelay_svt_effd,visual_object_learning_test_delayed_short_version,,text,"Short VOLT Delay Efficiency",,,,,,,,,,,
sfnb2,short_fractalnback_2_back_version,,text,"Current Programming Version of the Scoring Code",,,,,,,,,,,
sfnb2_status,short_fractalnback_2_back_version,,text,"SFNB2 completion status",,,,,,,,,,,
sfnb2_valid_code,short_fractalnback_2_back_version,,text,"SFNB2 valid code",,,,,,,,,,,
sfnb2_sfnb_tp,short_fractalnback_2_back_version,,text,"SFNB2 True Positive Responses",,,,,,,,,,,
sfnb2_sfnb_fp,short_fractalnback_2_back_version,,text,"SFNB2 False Positive Responses",,,,,,,,,,,
sfnb2_sfnb_rtc,short_fractalnback_2_back_version,,text,"SFNB2 Median Response Time for All Correct Responses (ms)",,,,,,,,,,,
sfnb2_sfnb_tp0,short_fractalnback_2_back_version,,text,"SFNB2 True Positive Responses for 0-Back Trials",,,,,,,,,,,
sfnb2_sfnb_fp0,short_fractalnback_2_back_version,,text,"SFNB2 False Positive Responses for 0-Back Trials",,,,,,,,,,,
sfnb2_sfnb_rtc0,short_fractalnback_2_back_version,,text,"SFNB2 Median Response Time for Correct 0-Back Trials (ms)",,,,,,,,,,,
sfnb2_sfnb_tp1,short_fractalnback_2_back_version,,text,"SFNB2 True Positive Responses for 1-Back Trials",,,,,,,,,,,
sfnb2_sfnb_fp1,short_fractalnback_2_back_version,,text,"SFNB2 False Positive Responses for 1-Back Trials",,,,,,,,,,,
sfnb2_sfnb_rtc1,short_fractalnback_2_back_version,,text,"SFNB2 Median Response Time for Correct 1-Back Trials (ms)",,,,,,,,,,,
sfnb2_sfnb_tp2,short_fractalnback_2_back_version,,text,"SFNB2 True Positive Responses for 2-Back Trials",,,,,,,,,,,
sfnb2_sfnb_fp2,short_fractalnback_2_back_version,,text,"SFNB2 False Positive Responses for 2-Back Trials",,,,,,,,,,,
sfnb2_sfnb_tn0,short_fractalnback_2_back_version,,text,"SFNB2 True Negative Responses for 0-Back Trials",,,,,,,,,,,
sfnb2_sfnb_tn1,short_fractalnback_2_back_version,,text,"SFNB2 True Negative Responses for 1-Back Trials",,,,,,,,,,,
sfnb2_sfnb_tn2,short_fractalnback_2_back_version,,text,"SFNB2 True Negative Responses for 2-Back Trials",,,,,,,,,,,
sfnb2_sfnb_fn1,short_fractalnback_2_back_version,,text,"SFNB2 False Negative Responses for 1-Back Trials",,,,,,,,,,,
sfnb2_sfnb_fn2,short_fractalnback_2_back_version,,text,"SFNB2 False Negative Responses for 2-Back Trials",,,,,,,,,,,
sfnb2_sfnb_rtc2,short_fractalnback_2_back_version,,text,"SFNB2 Median Response Time for Correct 2-Back Trials (ms)",,,,,,,,,,,
sfnb2_sfnb_mcr,short_fractalnback_2_back_version,,text,"SFNB2 True Positive Reponses for 1-Back and 2-Back Trials",,,,,,,,,,,
sfnb2_sfnb_mrtc,short_fractalnback_2_back_version,,text,"SFNB2 Mean of Median RT for True Positive Responses for 1-Back and for 2-Back Trials (ms)",,,,,,,,,,,
er40d,emotion_recognition_task_form_d_40_items,,text,"Current Programming Version of the Scoring Code",,,,,,,,,,,
er40d_status,emotion_recognition_task_form_d_40_items,,text,"ER40 completion status",,,,,,,,,,,
er40d_valid_code,emotion_recognition_task_form_d_40_items,,text,"ER40 valid code",,,,,,,,,,,
er40d_er40_cr,emotion_recognition_task_form_d_40_items,,text,"ER40 Correct Responses",,,,,,,,,,,
er40d_er40_crt,emotion_recognition_task_form_d_40_items,,text,"ER40 Correct Responses Median Response Time (ms)",,,,,,,,,,,
er40d_er40_fc,emotion_recognition_task_form_d_40_items,,text,"ER40 Correct Female Identifications",,,,,,,,,,,
er40d_er40_mc,emotion_recognition_task_form_d_40_items,,text,"ER40 Correct Male Identifications",,,,,,,,,,,
er40d_er40fcrt,emotion_recognition_task_form_d_40_items,,text,"ER40 Correct Female Identifications Median Response Time (ms)",,,,,,,,,,,
er40d_er40mcrt,emotion_recognition_task_form_d_40_items,,text,"ER40 Correct Male Identifications Median Response Time (ms)",,,,,,,,,,,
er40d_er40ang,emotion_recognition_task_form_d_40_items,,text,"ER40 Correct Anger Identifications",,,,,,,,,,,
er40d_er40fear,emotion_recognition_task_form_d_40_items,,text,"ER40 Correct Fear Identifications",,,,,,,,,,,
er40d_er40hap,emotion_recognition_task_form_d_40_items,,text,"ER40 Correct Happy Identifications",,,,,,,,,,,
er40d_er40noe,emotion_recognition_task_form_d_40_items,,text,"ER40 Correct No Emotion Identifications",,,,,,,,,,,
er40d_er40sad,emotion_recognition_task_form_d_40_items,,text,"ER40 Correct Sad Identifications",,,,,,,,,,,
er40d_er40facr,emotion_recognition_task_form_d_40_items,,text,"ER40 Correct Anger Identifications for Female faces",,,,,,,,,,,
er40d_er40ffcr,emotion_recognition_task_form_d_40_items,,text,"ER40 Correct Fear Identifications for Female faces",,,,,,,,,,,
er40d_er40fhcr,emotion_recognition_task_form_d_40_items,,text,"ER40 Correct Happy Identifications for Female faces",,,,,,,,,,,
er40d_er40fncr,emotion_recognition_task_form_d_40_items,,text,"ER40 Correct No Emotion Identifications for Female faces",,,,,,,,,,,
er40d_er40fscr,emotion_recognition_task_form_d_40_items,,text,"ER40 Correct Sad Identifications for Female faces",,,,,,,,,,,
er40d_er40macr,emotion_recognition_task_form_d_40_items,,text,"ER40 Correct Anger Identifications for Male faces",,,,,,,,,,,
er40d_er40mfcr,emotion_recognition_task_form_d_40_items,,text,"ER40 Correct Fear Identifications for Male faces",,,,,,,,,,,
er40d_er40mhcr,emotion_recognition_task_form_d_40_items,,text,"ER40 Correct Happy Identifications for Male faces",,,,,,,,,,,
er40d_er40mncr,emotion_recognition_task_form_d_40_items,,text,"ER40 Correct No Emotion Identifications for Male faces",,,,,,,,,,,
er40d_er40mscr,emotion_recognition_task_form_d_40_items,,text,"ER40 Correct Sad Identifications for Male faces",,,,,,,,,,,
er40d_er40_fpa,emotion_recognition_task_form_d_40_items,,text,"ER40 False Positive Anger Responses",,,,,,,,,,,
er40d_er40_fpf,emotion_recognition_task_form_d_40_items,,text,"ER40 False Positive Fear Responses",,,,,,,,,,,
er40d_er40_fph,emotion_recognition_task_form_d_40_items,,text,"ER40 False Positive Happy Responses",,,,,,,,,,,
er40d_er40_fpn,emotion_recognition_task_form_d_40_items,,text,"ER40 False Positive No Emotion Responses",,,,,,,,,,,
er40d_er40_fps,emotion_recognition_task_form_d_40_items,,text,"ER40 False Positive Sad Responses",,,,,,,,,,,
er40d_er40angrt,emotion_recognition_task_form_d_40_items,,text,"Median Response Time for ER40 Correct Anger Identifications (ms)",,,,,,,,,,,
er40d_er40fearrt,emotion_recognition_task_form_d_40_items,,text,"Median Response Time for ER40 Correct Fear Identifications (ms)",,,,,,,,,,,
er40d_er40haprt,emotion_recognition_task_form_d_40_items,,text,"Median Response Time for ER40 Correct Happy Identifications (ms)",,,,,,,,,,,
er40d_er40noert,emotion_recognition_task_form_d_40_items,,text,"Median Response Time for ER40 Correct No Emotion Identifications (ms)",,,,,,,,,,,
er40d_er40sadrt,emotion_recognition_task_form_d_40_items,,text,"Median Response Time for ER40 Correct Sad Identifications (ms)",,,,,,,,,,,
er40d_er40fart,emotion_recognition_task_form_d_40_items,,text,"Median Response Time for ER40 Correct Anger Identifications for Female faces (ms)",,,,,,,,,,,
er40d_er40ffrt,emotion_recognition_task_form_d_40_items,,text,"Median Response Time for ER40 Correct Fear Identifications for Female faces(ms)",,,,,,,,,,,
er40d_er40fhrt,emotion_recognition_task_form_d_40_items,,text,"Median Response Time for ER40 Correct Happy Identifications for Female faces(ms)",,,,,,,,,,,
er40d_er40fnrt,emotion_recognition_task_form_d_40_items,,text,"Median Response Time for ER40 Correct No Emotion Identifications for Female faces (ms)",,,,,,,,,,,
er40d_er40fsrt,emotion_recognition_task_form_d_40_items,,text,"Median Response Time for ER40 Correct Sad Identifications for Female faces (ms)",,,,,,,,,,,
er40d_er40mart,emotion_recognition_task_form_d_40_items,,text,"Median Response Time for ER40 Correct Anger Identifications for Male faces (ms)",,,,,,,,,,,
er40d_er40mfrt,emotion_recognition_task_form_d_40_items,,text,"Median Response Time for ER40 Correct Fear Identifications for Male faces(ms)",,,,,,,,,,,
er40d_er40mhrt,emotion_recognition_task_form_d_40_items,,text,"Median Response Time for ER40 Correct Happy Identifications for Male faces(ms)",,,,,,,,,,,
er40d_er40mnrt,emotion_recognition_task_form_d_40_items,,text,"Median Response Time for ER40 Correct No Emotion Identifications for Male faces (ms)",,,,,,,,,,,
er40d_er40msrt,emotion_recognition_task_form_d_40_items,,text,"Median Response Time for ER40 Correct Sad Identifications for Male faces (ms)",,,,,,,,,,,
er40d_er40faert,emotion_recognition_task_form_d_40_items,,text,"Median Response Time for ER40 Incorrect Anger Identifications for Female faces (ms)",,,,,,,,,,,
er40d_er40ffert,emotion_recognition_task_form_d_40_items,,text,"Median Response Time for ER40 Incorrect Fear Identifications for Female faces(ms)",,,,,,,,,,,
er40d_er40fhert,emotion_recognition_task_form_d_40_items,,text,"Median Response Time for ER40 Incorrect Happy Identifications for Female faces(ms)",,,,,,,,,,,
er40d_er40fnert,emotion_recognition_task_form_d_40_items,,text,"Median Response Time for ER40 Incorrect No Emotion Identifications for Female faces (ms)",,,,,,,,,,,
er40d_er40fsert,emotion_recognition_task_form_d_40_items,,text,"Median Response Time for ER40 Incorrect Sad Identifications for Female faces (ms)",,,,,,,,,,,
er40d_er40maert,emotion_recognition_task_form_d_40_items,,text,"Median Response Time for ER40 Incorrect Anger Identifications for Male faces (ms)",,,,,,,,,,,
er40d_er40mfert,emotion_recognition_task_form_d_40_items,,text,"Median Response Time for ER40 Incorrect Fear Identifications for Male faces(ms)",,,,,,,,,,,
er40d_er40mhert,emotion_recognition_task_form_d_40_items,,text,"Median Response Time for ER40 Incorrect Happy Identifications for Male faces(ms)",,,,,,,,,,,
er40d_er40mnert,emotion_recognition_task_form_d_40_items,,text,"Median Response Time for ER40 Incorrect No Emotion Identifications for Male faces (ms)",,,,,,,,,,,
er40d_er40msert,emotion_recognition_task_form_d_40_items,,text,"Median Response Time for ER40 Incorrect Sad Identifications for Male faces (ms)",,,,,,,,,,,
er40d_er40_fpart,emotion_recognition_task_form_d_40_items,,text,"Median Response Time for ER40 False Positive Anger Responses (ms)",,,,,,,,,,,
er40d_er40_fpfrt,emotion_recognition_task_form_d_40_items,,text,"Median Response Time for ER40 False Positive Fear Responses (ms)",,,,,,,,,,,
er40d_er40_fphrt,emotion_recognition_task_form_d_40_items,,text,"Median Response Time for ER40 False Positive Happy Responses (ms)",,,,,,,,,,,
er40d_er40_fpnrt,emotion_recognition_task_form_d_40_items,,text,"Median Response Time for ER40 False Positive No Emotion Responses (ms)",,,,,,,,,,,
er40d_er40_fpsrt,emotion_recognition_task_form_d_40_items,,text,"Median Response Time for ER40 False Positive Sad Responses (ms)",,,,,,,,,,,
er40d_er40cacr,emotion_recognition_task_form_d_40_items,,text,"ER40 Correct Identifications of Caucasian faces",,,,,,,,,,,
er40d_er40aacr,emotion_recognition_task_form_d_40_items,,text,"ER40 Correct Identifications of African American faces",,,,,,,,,,,
er40d_er40othcr,emotion_recognition_task_form_d_40_items,,text,"ER40 Correct Identifications of Other Race faces",,,,,,,,,,,
er40d_er40cacrt,emotion_recognition_task_form_d_40_items,,text,"ER40 Median Response Time for Correct Identifications of Caucasian faces (ms)",,,,,,,,,,,
er40d_er40aacrt,emotion_recognition_task_form_d_40_items,,text,"ER40 Median Response Time for Correct Identifications of African American faces (ms)",,,,,,,,,,,
er40d_er40othcrt,emotion_recognition_task_form_d_40_items,,text,"ER40 Median Response Time for Correct Identifications of Other Race faces (ms)",,,,,,,,,,,
medf36,measured_emotion_differentiation_task_36_items,,text,"Current Programming Version of the Scoring Code",,,,,,,,,,,
medf36_status,measured_emotion_differentiation_task_36_items,,text,"MEDF36 completion status",,,,,,,,,,,
medf36_valid_code,measured_emotion_differentiation_task_36_items,,text,"MEDF36 valid code",,,,,,,,,,,
medf36_medf36_hap_cr,measured_emotion_differentiation_task_36_items,,text,"Correct Responses for Measured Emodiff Happy Trials",,,,,,,,,,,
medf36_medf36_sad_cr,measured_emotion_differentiation_task_36_items,,text,"Correct Responses for Measured Emodiff Sad Trials",,,,,,,,,,,
medf36_medf36_ang_cr,measured_emotion_differentiation_task_36_items,,text,"Correct Responses for Measured Emodiff Angry Trials",,,,,,,,,,,
medf36_medf36_fear_cr,measured_emotion_differentiation_task_36_items,,text,"Correct Responses for Measured Emodiff Fear Trials",,,,,,,,,,,
medf36_medf36_hap_rtcr,measured_emotion_differentiation_task_36_items,,text,"Median Response Time for Correct Measured Emodiff Happy Trials (ms)",,,,,,,,,,,
medf36_medf36_sad_rtcr,measured_emotion_differentiation_task_36_items,,text,"Median Response Time for Correct Measured Emodiff Sad Trials (ms)",,,,,,,,,,,
medf36_medf36_ang_rtcr,measured_emotion_differentiation_task_36_items,,text,"Median Response Time for Correct Measured Emodiff Angry Trials (ms)",,,,,,,,,,,
medf36_medf36_fear_rtcr,measured_emotion_differentiation_task_36_items,,text,"Median Response Time for Correct Measured Emodiff Fear Trials (ms)",,,,,,,,,,,
medf36_medf36_hap_rter,measured_emotion_differentiation_task_36_items,,text,"Median Response Time for Incorrect Measured Emodiff Happy Trials (ms)",,,,,,,,,,,
medf36_medf36_sad_rter,measured_emotion_differentiation_task_36_items,,text,"Median Response Time for Incorrect Measured Emodiff Sad Trials (ms)",,,,,,,,,,,
medf36_medf36_ang_rter,measured_emotion_differentiation_task_36_items,,text,"Median Response Time for Incorrect Measured Emodiff Angry Trials (ms)",,,,,,,,,,,
medf36_medf36_fear_rter,measured_emotion_differentiation_task_36_items,,text,"Median Response Time for Incorrect Measured Emodiff Fear Trials (ms)",,,,,,,,,,,
medf36_medf36_same_cr,measured_emotion_differentiation_task_36_items,,text,"Correct Responses for Measured Emodiff No Difference Trials",,,,,,,,,,,
medf36_medf36_same_rtcr,measured_emotion_differentiation_task_36_items,,text,"Median Response Time for Correct Measured Emodiff No Difference Trials",,,,,,,,,,,
medf36_medf36_ns_cr,measured_emotion_differentiation_task_36_items,,text,"Total Correct Emotion Differentiation Test Trials, Excluding Same Trials",,,,,,,,,,,
medf36_medf36_ns_rtcr,measured_emotion_differentiation_task_36_items,,text,"Median Response Time for Correct Emotion Differentiation Test Trials, Excluding Same Trials",,,,,,,,,,,
medf36_medf36_a,measured_emotion_differentiation_task_36_items,,text,"Total Correct Measured Emodiff Trials",,,,,,,,,,,
medf36_medf36_t,measured_emotion_differentiation_task_36_items,,text,"Median Response Time for All Measured Emodiff Trials",,,,,,,,,,,
